Exp.Date:,Voyage N°:,Poids:,Montant HT:,filename,Depart,Arrivee
2023-12-15,PARTRP000100992,"6000,00","350,00",SupplierPreInvoiceSPI00450803.pdf,"FR-77185 LOGNES
A",FR-60300 SENLIS
2023-12-15,PARTRP000101238,"769,91","260,00",SupplierPreInvoiceSPI00450803.pdf,"FR-95500 BONNEUIL EN
A",FR-95130 LE PLESSIS
2023-12-18,PARTRP000101276,"184,62","267,50",SupplierPreInvoiceSPI00450803.pdf,"FR-95500 BONNEUIL EN
A",FR-77400 ST THIBAULT
2023-12-18,PARTRP000101277,"202,33","267,50",SupplierPreInvoiceSPI00450803.pdf,"FR-95500 BONNEUIL EN
A",FR-91310 MONTLHERY
2023-12-19,PARTRP000101305,"3160,00","350,00",SupplierPreInvoiceSPI00450803.pdf,"FR-94200 IVRY SUR SEINE
A",FR-60300 SENLIS
2023-12-19,PARTRP000101326,"292,37","256,80",SupplierPreInvoiceSPI00450803.pdf,"FR-95500 BONNEUIL EN
A",FR-91420 MORANGIS
2023-12-19,PARTRP000101328,"384,46","267,50",SupplierPreInvoiceSPI00450803.pdf,"FR-95500 BONNEUIL EN
A",FR-94210 ST MAUR LA
2023-12-20,PARTRP000101365,"418,11","256,80",SupplierPreInvoiceSPI00450803.pdf,"FR-95500 BONNEUIL EN
A",FR-92270 BOIS
2023-12-20,PARTRP000101366,"367,05","267,50",SupplierPreInvoiceSPI00450803.pdf,"FR-95500 BONNEUIL EN
A",FR-78320 LE MESNIL ST
2023-12-20,PARTRP000101353,"1674,51","374,50",SupplierPreInvoiceSPI00450803.pdf,"FR-77170 BRIE COMTE
A",FR-51100 CHALONS EN
2023-12-21,PARTRP000101373,"48,00","140,00",SupplierPreInvoiceSPI00450803.pdf,"FR-60420 TRICOT
A",FR-95670 MARLY
2023-12-21,PARTRP000101415,"463,57","374,50",SupplierPreInvoiceSPI00450803.pdf,"FR-95500 BONNEUIL EN
A",FR-93420 VILLEPINTE
2023-12-21,PARTRP000101416,"238,18","267,50",SupplierPreInvoiceSPI00450803.pdf,"FR-95500 BONNEUIL EN
A",FR-93110 ROSNY SOUS
2023-12-22,PARTRP000101471,"197,89","278,20",SupplierPreInvoiceSPI00450803.pdf,"FR-95500 BONNEUIL EN
A",FR-77320 LESCHEROLLES
2023-12-22,PARTRP000101472,"238,56","267,50",SupplierPreInvoiceSPI00450803.pdf,"FR-95500 BONNEUIL EN
A",FR-78120 RAMBOUILLET
2023-12-26,PARTRP000101514,"50,59","107,00",SupplierPreInvoiceSPI00450803.pdf,"FR-95500 BONNEUIL EN
A",FR-78580 MAULE
2023-12-27,PARTRP000101538,"444,77","374,50",SupplierPreInvoiceSPI00450803.pdf,"FR-95500 BONNEUIL EN
A",FR-93110 ROSNY SOUS
2023-12-27,PARTRP000101539,"362,94","267,50",SupplierPreInvoiceSPI00450803.pdf,"FR-95500 BONNEUIL EN
A",FR-78170 LA CELLE ST
2023-12-27,PARTRP000101528,"2100,84","374,50",SupplierPreInvoiceSPI00450803.pdf,"FR-77170 BRIE COMTE
A",FR-51100 CHALONS EN
2023-12-28,PARTRP000101507,"4670,00","470,00",SupplierPreInvoiceSPI00450803.pdf,"FR-94200 IVRY SUR SEINE
A",FR-60300 SENLIS
2023-12-28,PARTRP000101562,"104,12","8,40",SupplierPreInvoiceSPI00450803.pdf,"FR-95500 BONNEUIL EN
A",FR-93110 ROSNY SOUS
2023-12-29,PARTRP000101595,"586,72","18,20",SupplierPreInvoiceSPI00450803.pdf,"FR-95500 BONNEUIL EN
A",FR-93110 ROSNY SOUS
2023-12-29,PARTRP000101596,"679,96","17,50",SupplierPreInvoiceSPI00450803.pdf,"FR-95500 BONNEUIL EN
A",FR-77450 VIGNELY
2024-01-10,PARCTG000176615,"14026,34","250,00",SupplierPreInvoiceSPI00453576.pdf,"FR-77185 LOGNES
A",FR-77185 LOGNES
2023-12-29,PARTRP000101595,"586,72","260,00",SupplierPreInvoiceSPI00453576.pdf,"FR-95500 BONNEUIL EN
A",FR-93110 ROSNY SOUS
2023-12-29,PARTRP000101596,"679,96","250,00",SupplierPreInvoiceSPI00453576.pdf,"FR-95500 BONNEUIL EN
A",FR-77450 VIGNELY
2024-01-02,PARTRP000101657,"164,82","267,50",SupplierPreInvoiceSPI00453576.pdf,"FR-95500 BONNEUIL EN
A",FR-91090 LISSES
2024-01-02,PARTRP000101659,"359,72","278,20",SupplierPreInvoiceSPI00453576.pdf,"FR-95500 BONNEUIL EN
A",FR-78200 BUCHELAY
2024-01-03,PARTRP000101578,"819,06","250,00",SupplierPreInvoiceSPI00453576.pdf,"FR-95470 SURVILLIERS
A",FR-77550 REAU
2024-01-03,PARTRP000101782,"887,99","385,20",SupplierPreInvoiceSPI00453576.pdf,"FR-95500 BONNEUIL EN
A",FR-93110 ROSNY SOUS
2024-01-03,PARTRP000101742,"818,05","267,50",SupplierPreInvoiceSPI00453576.pdf,"FR-95500 BONNEUIL EN
A",FR-91070 BONDOUFLE
2024-01-04,PARTRP000101816,"834,90","267,50",SupplierPreInvoiceSPI00453576.pdf,"FR-95500 BONNEUIL EN
A",FR-95800 CERGY
2024-01-04,PARTRP000101817,"806,83","16,80",SupplierPreInvoiceSPI00453576.pdf,"FR-95500 BONNEUIL EN
A",FR-78200 BUCHELAY
2024-01-05,PARTRP000101581,"3360,00","350,00",SupplierPreInvoiceSPI00453576.pdf,"FR-94200 IVRY SUR SEINE
A",FR-60300 SENLIS
2024-01-05,PARTRP000101890,"667,02","288,90",SupplierPreInvoiceSPI00453576.pdf,"FR-95500 BONNEUIL EN
A",FR-78711 MANTES LA
2024-01-05,PARTRP000101891,"727,86","267,50",SupplierPreInvoiceSPI00453576.pdf,"FR-95500 BONNEUIL EN
A",FR-93460 GOURNAY SUR
2024-01-08,PARTRP000101826,"6493,52","150,00",SupplierPreInvoiceSPI00453576.pdf,"FR-77220 GRETZ-
A",FR-77552 MOISSY-
2024-01-08,PARTRP000101938,"7280,00","220,00",SupplierPreInvoiceSPI00453576.pdf,"FR-77185 LOGNES
A",FR-75001 PARIS
2024-01-08,PARTRP000101912,"1000,00","990,00",SupplierPreInvoiceSPI00453576.pdf,"FR-92500 RUEIL
A",FR-22100 TADEN
2024-01-08,PARTRP000101969,"487,74","256,80",SupplierPreInvoiceSPI00453576.pdf,"FR-95500 BONNEUIL EN
A",FR-93110 ROSNY SOUS
2024-01-08,PARTRP000101971,"530,15","278,20",SupplierPreInvoiceSPI00453576.pdf,"FR-95500 BONNEUIL EN
A",FR-91730 CHAMARANDE
2024-01-09,PARTRP000102030,"496,31","16,80",SupplierPreInvoiceSPI00453576.pdf,"FR-95500 BONNEUIL EN
A",FR-93110 ROSNY SOUS
2024-01-09,PARTRP000102029,"511,47","267,50",SupplierPreInvoiceSPI00453576.pdf,"FR-95500 BONNEUIL EN
A",FR-78440 GARGENVILLE
2024-01-10,PARTRP000102079,"764,40","256,80",SupplierPreInvoiceSPI00453576.pdf,"FR-95500 BONNEUIL EN
A",FR-93110 ROSNY SOUS
2024-01-10,PARTRP000102080,"456,05","278,20",SupplierPreInvoiceSPI00453576.pdf,"FR-95500 BONNEUIL EN
A",FR-77780 BOURRON
2024-01-11,PARTRP000102162,"3412,02","350,00",SupplierPreInvoiceSPI00453576.pdf,"FR-77550 MOISSY
A",FR-60300 SENLIS
2024-01-11,PARTRP000102198,"583,77","267,50",SupplierPreInvoiceSPI00453576.pdf,"FR-95500 BONNEUIL EN
A",FR-77450 CONDE STE
2024-01-11,PARTRP000102199,"535,85","267,50",SupplierPreInvoiceSPI00453576.pdf,"FR-95500 BONNEUIL EN
A",FR-91620 NOZAY
2024-01-12,PARTRP000102215,"1774,00","300,00",SupplierPreInvoiceSPI00453576.pdf,"FR-95700 ROISSY EN
A",FR-60300 SENLIS
2024-01-12,PARTRP000102248,"540,47","374,50",SupplierPreInvoiceSPI00453576.pdf,"FR-95500 BONNEUIL EN
A",FR-77600 BUSSY ST
2024-01-12,PARTRP000102252,"732,12","267,50",SupplierPreInvoiceSPI00453576.pdf,"FR-95500 BONNEUIL EN
A",FR-78830 BONNELLES
2024-01-30,BODTRP000041327,"440,00","120,00",SupplierPreInvoiceSPI00456741.pdf,"FR-91300 MASSY
A",FR-93500 PANTIN
2024-01-30,PARCTG000178912,"9597,23","200,00",SupplierPreInvoiceSPI00456742.pdf,"FR-77185 LOGNES
A",FR-77185 LOGNES
2024-01-15,PARTRP000102355,"593,04","280,80",SupplierPreInvoiceSPI00456742.pdf,"FR-95500 BONNEUIL EN
A",FR-95320 ST LEU LA
2024-01-15,PARTRP000102361,"787,38","312,00",SupplierPreInvoiceSPI00456742.pdf,"FR-95500 BONNEUIL EN
A",FR-94400 VITRY SUR
2024-01-16,PARTRP000102449,"706,93","405,60",SupplierPreInvoiceSPI00456742.pdf,"FR-95500 BONNEUIL EN
A",FR-78200 BUCHELAY
2024-01-17,PARTRP000102518,"187,08","260,00",SupplierPreInvoiceSPI00456742.pdf,"FR-95500 BONNEUIL EN
A",FR-77130 MAROLLES SUR
2024-01-17,PARTRP000102520,"570,86","280,80",SupplierPreInvoiceSPI00456742.pdf,"FR-95500 BONNEUIL EN
A",FR-95330 DOMONT
2024-01-17,PARTRP000102462,"2000,00","374,50",SupplierPreInvoiceSPI00456742.pdf,"FR-77170 BRIE COMTE
A",FR-02400 CHÂTEAU
2024-01-18,PARTRP000102579,"190,08","290,20",SupplierPreInvoiceSPI00456742.pdf,"FR-95500 BONNEUIL EN
A",FR-91310 MONTLHERY
2024-01-18,PARTRP000102592,"497,75","280,80",SupplierPreInvoiceSPI00456742.pdf,"FR-95500 BONNEUIL EN
A",FR-92700 COLOMBES
2024-01-19,PARTRP000102547,"240,00","180,00",SupplierPreInvoiceSPI00456742.pdf,"FR-95470 SURVILLIERS
A",FR-77550 REAU
2024-01-19,PARTRP000102723,"407,85","364,00",SupplierPreInvoiceSPI00456742.pdf,"FR-95500 BONNEUIL EN
A",FR-91200 ATHIS MONS
2024-01-19,PARTRP000102724,"526,47","280,80",SupplierPreInvoiceSPI00456742.pdf,"FR-95500 BONNEUIL EN
A",FR-77400 ST THIBAULT
2024-01-22,PARTRP000102799,"751,94","331,70",SupplierPreInvoiceSPI00456742.pdf,"FR-95500 BONNEUIL EN
A",FR-92000 NANTERRE
2024-01-22,PARTRP000102802,"1083,53","492,20",SupplierPreInvoiceSPI00456742.pdf,"FR-95500 BONNEUIL EN
A",FR-91510 LARDY
2024-01-23,PARTRP000102899,"229,29","299,60",SupplierPreInvoiceSPI00456742.pdf,"FR-95500 BONNEUIL EN
A",FR-93110 ROSNY SOUS
2024-01-23,PARTRP000102902,"238,77","310,30",SupplierPreInvoiceSPI00456742.pdf,"FR-95500 BONNEUIL EN
A",FR-91780 MEROBERT
2024-01-24,PARTRP000102951,"5200,00","200,00",SupplierPreInvoiceSPI00456742.pdf,"FR-77720 MORMANT
A",FR-77134 LES ORMES
2024-01-24,PARTRP000102970,"622,20","310,30",SupplierPreInvoiceSPI00456742.pdf,"FR-95500 BONNEUIL EN
A",FR-77190 DAMMARIE LES
2024-01-24,PARTRP000102974,"509,98","310,30",SupplierPreInvoiceSPI00456742.pdf,"FR-95500 BONNEUIL EN
A",FR-91210 DRAVEIL
2024-01-24,PARTRP000102545,"1820,44","600,00",SupplierPreInvoiceSPI00456742.pdf,"FR-77185 LOGNES
A",FR-75003 PARIS
2024-01-25,PARTRP000103052,"408,14","310,30",SupplierPreInvoiceSPI00456742.pdf,"FR-95500 BONNEUIL EN
A",FR-75004 PARIS
2024-01-25,PARTRP000103054,"514,04","310,30",SupplierPreInvoiceSPI00456742.pdf,"FR-95500 BONNEUIL EN
A",FR-91310 MONTLHERY
2024-01-26,PARTRP000103189,"621,25","288,90",SupplierPreInvoiceSPI00456742.pdf,"FR-95500 BONNEUIL EN
A",FR-95480 PIERRELAYE
2024-01-26,PARTRP000103205,"733,97","288,90",SupplierPreInvoiceSPI00456742.pdf,"FR-95500 BONNEUIL EN
A",FR-93170 BAGNOLET
2024-01-29,PARTRP000103281,"294,62","294,25",SupplierPreInvoiceSPI00456742.pdf,"FR-95500 BONNEUIL EN
A",FR-77930 ST SAUVEUR
2024-01-29,PARTRP000103277,"449,54","310,30",SupplierPreInvoiceSPI00456742.pdf,"FR-95500 BONNEUIL EN
A",FR-77370 RAMPILLON
2024-01-30,PARTRP000103334,"639,76","310,30",SupplierPreInvoiceSPI00456742.pdf,"FR-95500 BONNEUIL EN
A",FR-78830 BONNELLES
2024-01-30,PARTRP000103337,"653,89","331,70",SupplierPreInvoiceSPI00456742.pdf,"FR-95500 BONNEUIL EN
A",FR-77140 NEMOURS
2024-01-31,PARTRP000103315,"19620,00","200,00",SupplierPreInvoiceSPI00456742.pdf,"FR-77720 MORMANT
A",FR-77134 LES ORMES
2024-01-31,PARTRP000103316,"19620,00","200,00",SupplierPreInvoiceSPI00456742.pdf,"FR-77720 MORMANT
A",FR-77134 LES ORMES
2024-01-31,PARTRP000103317,"17390,00","200,00",SupplierPreInvoiceSPI00456742.pdf,"FR-77720 MORMANT
A",FR-77134 LES ORMES
2024-01-31,PARTRP000103418,"419,13","31,50",SupplierPreInvoiceSPI00456742.pdf,"FR-95500 BONNEUIL EN
A",FR-91310 MONTLHERY
2024-01-31,PARTRP000103420,"434,67","18,90",SupplierPreInvoiceSPI00456742.pdf,"FR-95500 BONNEUIL EN
A",FR-75020 PARIS
2024-02-09,PARCTG000180062,"14020,24","200,00",SupplierPreInvoiceSPI00459911.pdf,"FR-77185 LOGNES
A",FR-77185 LOGNES
2024-01-31,PARTRP000103317,"17390,00","400,00",SupplierPreInvoiceSPI00459911.pdf,"FR-77720 MORMANT
A",FR-77134 LES ORMES
2024-01-31,PARTRP000103399,"1935,00","150,00",SupplierPreInvoiceSPI00459911.pdf,"FR-77185 LOGNES
A",FR-93500 PANTIN
2024-01-31,PARTRP000103418,"419,13","450,00",SupplierPreInvoiceSPI00459911.pdf,"FR-95500 BONNEUIL EN
A",FR-91310 MONTLHERY
2024-01-31,PARTRP000103420,"434,67","270,00",SupplierPreInvoiceSPI00459911.pdf,"FR-95500 BONNEUIL EN
A",FR-75020 PARIS
2024-02-01,PARTRP000103515,"601,94","310,30",SupplierPreInvoiceSPI00459911.pdf,"FR-95500 BONNEUIL EN
A",FR-95320 SAINT LEU LA
2024-02-02,PARTRP000103649,"700,25","385,20",SupplierPreInvoiceSPI00459911.pdf,"FR-95500 BONNEUIL EN
A",FR-77560 VILLIERS ST
2024-02-02,PARTRP000103650,"794,65","310,30",SupplierPreInvoiceSPI00459911.pdf,"FR-95500 BONNEUIL EN
A",FR-77400 ST THIBAULT
2024-02-05,PARTRP000103370,"50,00","200,00",SupplierPreInvoiceSPI00459911.pdf,"FR-77220 GRETZ
A",FR-60160 MONTATAIRE
2024-02-05,PARTRP000103720,"745,65","492,20",SupplierPreInvoiceSPI00459911.pdf,"FR-95500 BONNEUIL EN
A",FR-95197 DEUIL LA
2024-02-06,PARTRP000103741,"2155,00","180,00",SupplierPreInvoiceSPI00459911.pdf,"FR-77550 LIMOGES
A",FR-93290 TREMBLAY EN
2024-02-06,PARTRP000103812,"419,69","513,60",SupplierPreInvoiceSPI00459911.pdf,"FR-95500 BONNEUIL EN
A",FR-77320 LA CHAPELLE
2024-02-06,PARTRP000103816,"589,22","278,20",SupplierPreInvoiceSPI00459911.pdf,"FR-95500 BONNEUIL EN
A",FR-93110 ROSNY SOUS
2024-02-07,PARTRP000103872,"484,19","310,30",SupplierPreInvoiceSPI00459911.pdf,"FR-95500 BONNEUIL EN
A",FR-91480 VARENNES
2024-02-07,PARTRP000103865,"900,90","481,50",SupplierPreInvoiceSPI00459911.pdf,"FR-95500 BONNEUIL EN
A",FR-91310 MONTLHERY
2024-02-07,PARTRP000103821,"6464,00","374,50",SupplierPreInvoiceSPI00459911.pdf,"FR-77170 BRIE COMTE
A",FR-51100 CHALONS EN
2024-02-08,PARTRP000103829,"6157,98","150,00",SupplierPreInvoiceSPI00459911.pdf,"FR-77220 GRETZ-
A",FR-77720 MORMANT
2024-02-08,PARTRP000103943,"683,17","278,20",SupplierPreInvoiceSPI00459911.pdf,"FR-95500 BONNEUIL EN
A",FR-91800 BOUSSY ST
2024-02-08,PARTRP000103942,"761,86","278,20",SupplierPreInvoiceSPI00459911.pdf,"FR-95500 BONNEUIL EN
A",FR-91800 BRUNOY
2024-02-09,PARTRP000104105,"478,50","331,70",SupplierPreInvoiceSPI00459911.pdf,"FR-95500 BONNEUIL EN
A",FR-77450 VIGNELY
2024-02-09,PARTRP000104106,"657,30","310,30",SupplierPreInvoiceSPI00459911.pdf,"FR-95500 BONNEUIL EN
A",FR-92320 CHATILLON
2024-02-12,PARTRP000104204,"557,71","374,40",SupplierPreInvoiceSPI00459911.pdf,"FR-95500 BONNEUIL EN
A",FR-77870 VULAINES SUR
2024-02-13,PARTRP000104306,"1278,26","374,40",SupplierPreInvoiceSPI00459911.pdf,"FR-95500 BONNEUIL EN
A",FR-95120 ERMONT
2024-02-13,PARTRP000104307,"726,01","260,00",SupplierPreInvoiceSPI00459911.pdf,"FR-95500 BONNEUIL EN
A",FR-95100 ARGENTEUIL
2024-02-13,PARTRP000103790,"6894,42","350,00",SupplierPreInvoiceSPI00459911.pdf,"FR-60490 RESSONS-SUR-
A",FR-59553 LAUWIN
2024-02-14,PARTRP000104375,"2132,42","395,20",SupplierPreInvoiceSPI00459911.pdf,"FR-95500 BONNEUIL EN
A",FR-95320 ST LEU LA
2024-02-14,PARTRP000104376,"436,35","280,80",SupplierPreInvoiceSPI00459911.pdf,"FR-95500 BONNEUIL EN
A",FR-95460 EZANVILLE
2024-02-14,PARTRP000104320,"6232,00","374,50",SupplierPreInvoiceSPI00459911.pdf,"FR-77170 BRIE COMTE
A",FR-51100 CHALONS EN
2024-02-15,PARTRP000104349,"550,00","200,00",SupplierPreInvoiceSPI00459911.pdf,"FR-95470 SURVILLIERS
A",FR-77550 REAU
2024-02-28,PARCTG000182235,"651,71","150,00",SupplierPreInvoiceSPI00463108.pdf,"FR-77185 LOGNES
A",FR-77185 LOGNES
2024-02-01,PARTRP000103516,"441,68","288,90",SupplierPreInvoiceSPI00463108.pdf,"FR-95500 BONNEUIL EN
A",FR-91620 NOZAY
2024-02-15,PARTRP000104551,"422,37","301,60",SupplierPreInvoiceSPI00463108.pdf,"FR-95500 BONNEUIL EN
A",FR-91800 BRUNOY
2024-02-16,PARTRP000104420,"2592,96","150,00",SupplierPreInvoiceSPI00463108.pdf,"FR-77185 LOGNES
A",FR-91220 BRETIGNY SUR
2024-02-16,PARTRP000104554,"592,08","260,00",SupplierPreInvoiceSPI00463108.pdf,"FR-95500 BONNEUIL EN
A",FR-95480 PIERRELAYE
2024-02-16,PARTRP000104588,"609,91","260,00",SupplierPreInvoiceSPI00463108.pdf,"FR-95500 BONNEUIL EN
A",FR-78440 GARGENVILLE
2024-02-19,PARTRP000104373,"15013,42","250,00",SupplierPreInvoiceSPI00463108.pdf,"FR-77220 GRETZ-
A",FR-77552 MOISSY-
2024-02-19,PARTRP000104652,"496,62","288,90",SupplierPreInvoiceSPI00463108.pdf,"FR-95500 BONNEUIL EN
A",FR-92250 LA GARENNEE-
2024-02-19,PARTRP000104649,"516,99","342,40",SupplierPreInvoiceSPI00463108.pdf,"FR-95500 BONNEUIL EN
A",FR-77410 CLAYE SOUILLY
2024-02-20,PARTRP000104738,"403,11","417,30",SupplierPreInvoiceSPI00463108.pdf,"FR-95500 BONNEUIL EN
A",FR-77320 LESCHEROLLES
2024-02-20,PARTRP000104743,"551,36","299,60",SupplierPreInvoiceSPI00463108.pdf,"FR-95500 BONNEUIL EN
A",FR-78113 CONDE SUR
2024-02-21,PARTRP000104634,"4200,00","170,00",SupplierPreInvoiceSPI00463108.pdf,"FR-60800 CREPY EN
A",FR-95500 GONESSE
2024-02-21,PARTRP000104669,"1549,97","250,00",SupplierPreInvoiceSPI00463108.pdf,"FR-95470 SURVILLIERS
A",FR-77550 REAU
2024-02-21,PARTRP000104854,"185,56","267,50",SupplierPreInvoiceSPI00463108.pdf,"FR-95500 BONNEUIL EN
A",FR-77450 VIGNELY
2024-02-21,PARTRP000104844,"305,64","310,30",SupplierPreInvoiceSPI00463108.pdf,"FR-95500 BONNEUIL EN
A",FR-95480 PIERRELAYE
2024-02-22,PARTRP000104603,"6000,00","160,00",SupplierPreInvoiceSPI00463108.pdf,"FR-91580 ÉTRÉCHY
A",FR-94460 VALENTON
2024-02-22,PARTRP000104786,"2271,99","180,00",SupplierPreInvoiceSPI00463108.pdf,"FR-60110 MERU
A",FR-95670 MARLY
2024-02-22,PARTRP000104992,"334,45","374,50",SupplierPreInvoiceSPI00463108.pdf,"FR-95500 BONNEUIL EN
A",FR-77190 DAMMARIE LES
2024-02-22,PARTRP000104993,"883,15","310,30",SupplierPreInvoiceSPI00463108.pdf,"FR-95500 BONNEUIL EN
A",FR-91230 MONTGERON
2024-02-23,PARTRP000105056,"774,71","299,60",SupplierPreInvoiceSPI00463108.pdf,"FR-95500 BONNEUIL EN
A",FR-77550 MOISSY
2024-02-23,PARTRP000105058,"567,53","299,60",SupplierPreInvoiceSPI00463108.pdf,"FR-95500 BONNEUIL EN
A",FR-78420 CARRIERES
2024-02-26,PARTRP000105144,"460,95","342,40",SupplierPreInvoiceSPI00463108.pdf,"FR-95500 BONNEUIL EN
A",FR-94490 ORMESSON
2024-02-26,PARTRP000105146,"658,29","299,60",SupplierPreInvoiceSPI00463108.pdf,"FR-95500 BONNEUIL EN
A",FR-78570 CHANTELOUP
2024-02-27,PARTRP000105313,"358,15","288,90",SupplierPreInvoiceSPI00463108.pdf,"FR-95500 BONNEUIL EN
A",FR-78980 LONGNES
2024-02-27,PARTRP000105310,"667,57","331,70",SupplierPreInvoiceSPI00463108.pdf,"FR-95500 BONNEUIL EN
A",FR-77870 VULAINES SUR
2024-02-28,PARTRP000105300,"2338,02","170,00",SupplierPreInvoiceSPI00463108.pdf,"FR-91120 PALAISEAU
A",FR-95670 MARLY
2024-02-28,PARTRP000105329,"5427,94","424,50",SupplierPreInvoiceSPI00463108.pdf,"FR-77170 BRIE COMTE
A",FR-51100 CHALONS EN
2024-02-28,PARTRP000105378,"537,97","588,50",SupplierPreInvoiceSPI00463108.pdf,"FR-95500 BONNEUIL EN
A",FR-77140 DARVAULT
2024-02-28,PARTRP000105380,"591,75","588,50",SupplierPreInvoiceSPI00463108.pdf,"FR-95500 BONNEUIL EN
A",FR-78130 LES MUREAUX
2024-02-29,PARTRP000105377,"857,00","130,00",SupplierPreInvoiceSPI00463108.pdf,"FR-93290 TREMBLAY EN
A",FR-93290 TREMBLAY EN
2024-02-29,PARTRP000105491,"512,41","20,30",SupplierPreInvoiceSPI00463108.pdf,"FR-95500 BONNEUIL EN
A",FR-91560 CROSNES
2024-02-29,PARTRP000105486,"408,46","21,70",SupplierPreInvoiceSPI00463108.pdf,"FR-95500 BONNEUIL EN
A",FR-94310 ORLY
2024-02-29,PARTRP000105382,"6775,42","150,00",SupplierPreInvoiceSPI00466277.pdf,"FR-77220 GRETZ-
A",FR-77551 MOISSY
2024-02-29,PARTRP000105491,"512,41","290,00",SupplierPreInvoiceSPI00466277.pdf,"FR-95500 BONNEUIL EN
A",FR-91560 CROSNES
2024-02-29,PARTRP000105486,"408,46","310,00",SupplierPreInvoiceSPI00466277.pdf,"FR-95500 BONNEUIL EN
A",FR-94310 ORLY
2024-03-01,PARTRP000105601,"936,59","342,40",SupplierPreInvoiceSPI00466277.pdf,"FR-95500 BONNEUIL EN
A",FR-77140 NEMOURS
2024-03-01,PARTRP000105603,"961,88","524,40",SupplierPreInvoiceSPI00466277.pdf,"FR-95500 BONNEUIL EN
A",FR-78310 COIGNIERES
2024-03-04,PARTRP000105697,"208,38","310,30",SupplierPreInvoiceSPI00466277.pdf,"FR-95500 BONNEUIL EN
A",FR-95540 MERY SUR OISE
2024-03-04,PARTRP000105696,"804,49","374,50",SupplierPreInvoiceSPI00466277.pdf,"FR-95500 BONNEUIL EN
A",FR-77100 MAREUIL-LES-
2024-03-05,PARTRP000105670,"9600,00","170,00",SupplierPreInvoiceSPI00466277.pdf,"FR-60800 CREPY EN
A",FR-93380 PIERREFITTE
2024-03-05,PARTRP000105758,"588,33","310,30",SupplierPreInvoiceSPI00466277.pdf,"FR-95500 BONNEUIL EN
A",FR-77140 NEMOURS
2024-03-05,PARTRP000105766,"565,24","278,20",SupplierPreInvoiceSPI00466277.pdf,"FR-95500 BONNEUIL EN
A",FR-95530 LA FRETTE SUR
2024-03-06,PARTRP000105799,"9213,62","374,50",SupplierPreInvoiceSPI00466277.pdf,"FR-77170 BRIE COMTE
A",FR-51100 CHALONS EN
2024-03-06,PARTRP000105879,"650,69","321,00",SupplierPreInvoiceSPI00466277.pdf,"FR-95500 BONNEUIL EN
A",FR-94430 CHENNEVIERES
2024-02-21,PARTRP000104833,"1000,00","250,00",SupplierPreInvoiceSPI00469397.pdf,"FR-77185 LOGNES
A",FR-95190 GOUSSAINVILLE
2024-03-15,PARTRP000106408,"4427,28","170,00",SupplierPreInvoiceSPI00469397.pdf,"FR-77185 LOGNES
A",FR-92110 CLICHY
2024-03-15,PARTRP000106552,"414,91","278,20",SupplierPreInvoiceSPI00469397.pdf,"FR-95500 BONNEUIL EN
A",FR-91620 NOZAY
2024-03-15,PARTRP000106553,"297,34","256,80",SupplierPreInvoiceSPI00469397.pdf,"FR-95500 BONNEUIL EN
A",FR-78570 CHANTELOUP
2024-03-18,PARTRP000106648,"329,79","299,60",SupplierPreInvoiceSPI00469397.pdf,"FR-95500 BONNEUIL EN
A",FR-77500 CHELLES
2024-03-18,PARTRP000106646,"859,57","492,20",SupplierPreInvoiceSPI00469397.pdf,"FR-95500 BONNEUIL EN
A",FR-94370 SUCY EN BRIE
2024-03-19,PARTRP000106476,"2780,00","140,00",SupplierPreInvoiceSPI00469397.pdf,"FR-60800 CREPY EN
A",FR-93500 PANTIN
2024-03-19,PARTRP000106712,"210,73","288,90",SupplierPreInvoiceSPI00469397.pdf,"FR-95500 BONNEUIL EN
A",FR-92270 BOIS
2024-03-19,PARTRP000106708,"294,84","321,00",SupplierPreInvoiceSPI00469397.pdf,"FR-95500 BONNEUIL EN
A",FR-91620 NOZAY
2024-03-20,PARTRP000106757,"8123,55","374,50",SupplierPreInvoiceSPI00469397.pdf,"FR-77170 BRIE COMTE
A",FR-51100 CHALONS EN
2024-03-20,PARTRP000106852,"759,67","342,40",SupplierPreInvoiceSPI00469397.pdf,"FR-95500 BONNEUIL EN
A",FR-77320 LA CHAPELLE
2024-03-20,PARTRP000106854,"525,11","310,30",SupplierPreInvoiceSPI00469397.pdf,"FR-95500 BONNEUIL EN
A",FR-77400 ST THIBAULT
2024-03-21,PARTRP000106578,"14268,00","250,00",SupplierPreInvoiceSPI00469397.pdf,"FR-77220 GRETZ-
A",FR-77552 MOISSY-
2024-03-21,PARTRP000106920,"277,30","288,90",SupplierPreInvoiceSPI00469397.pdf,"FR-95500 BONNEUIL EN
A",FR-78570 CHANTELOUP
2024-03-21,PARTRP000106918,"205,31","288,90",SupplierPreInvoiceSPI00469397.pdf,"FR-95500 BONNEUIL EN
A",FR-78320 LE MESNIL ST
2024-03-22,PARTRP000107002,"854,51","267,50",SupplierPreInvoiceSPI00469397.pdf,"FR-95500 BONNEUIL EN
A",FR-77124 PENCHARD
2024-03-22,PARTRP000107000,"878,18","212,60",SupplierPreInvoiceSPI00469397.pdf,"FR-95500 BONNEUIL EN
A",FR-78310 COIGNIERES
2024-03-25,PARTRP000106733,"2833,00","315,00",SupplierPreInvoiceSPI00469397.pdf,"FR-77165 ST SOUPPLETS
A",FR-94400 VITRY SUR
2024-03-25,PARTRP000106730,"10975,64","185,00",SupplierPreInvoiceSPI00469397.pdf,"FR-77165 ST SOUPPLETS
A",FR-77170 SERVON
2024-03-25,PARTRP000107052,"405,63","299,60",SupplierPreInvoiceSPI00469397.pdf,"FR-95500 BONNEUIL EN
A",FR-78300 POISSY
2024-03-25,PARTRP000107054,"193,50","278,20",SupplierPreInvoiceSPI00469397.pdf,"FR-95500 BONNEUIL EN
A",FR-93110 ROSNY SOUS
2024-03-26,PARTRP000106879,"3244,00","180,00",SupplierPreInvoiceSPI00469397.pdf,"FR-77185 LOGNES
A",FR-93270 SEVRAN
2024-03-26,PARTRP000107192,"198,34","267,50",SupplierPreInvoiceSPI00469397.pdf,"FR-95500 BONNEUIL EN
A",FR-92270 BOIS
2024-03-26,PARTRP000107193,"86,00","299,60",SupplierPreInvoiceSPI00469397.pdf,"FR-95500 BONNEUIL EN
A",FR-77780 BOURRON
2024-03-27,PARTRP000107082,"5868,36","150,00",SupplierPreInvoiceSPI00469397.pdf,"FR-77220 GRETZ-
A",FR-77551 MOISSY
2024-03-27,PARTRP000107204,"7646,08","374,50",SupplierPreInvoiceSPI00469397.pdf,"FR-77170 BRIE COMTE
A",FR-51100 CHALONS EN
2024-03-27,PARTRP000107268,"186,71","278,20",SupplierPreInvoiceSPI00469397.pdf,"FR-95500 BONNEUIL EN
A",FR-78470 ST REMY LES
2024-03-27,PARTRP000107269,"453,98","278,20",SupplierPreInvoiceSPI00469397.pdf,"FR-95500 BONNEUIL EN
A",FR-92140 CLAMART
2024-03-28,PARTRP000107353,"139,43","267,50",SupplierPreInvoiceSPI00469397.pdf,"FR-95500 BONNEUIL EN
A",FR-78130 LES MUREAUX
2024-03-28,PARTRP000107356,"904,27","470,80",SupplierPreInvoiceSPI00469397.pdf,"FR-95500 BONNEUIL EN
A",FR-91620 NOZAY
2024-03-29,PARTRP000107034,"3747,90","250,00",SupplierPreInvoiceSPI00469397.pdf,"FR-91220 LE PLESSIS
A",FR-77550 REAU
2024-03-29,PARTRP000107465,"303,42","20,30",SupplierPreInvoiceSPI00469397.pdf,"FR-95500 BONNEUIL EN
A",FR-78310 COIGNIERES
2024-03-29,PARTRP000107466,"380,44","18,20",SupplierPreInvoiceSPI00469397.pdf,"FR-95500 BONNEUIL EN
A",FR-92160 ANTONY
2024-04-04,LILTRP000123098,"4819,90","380,00",SupplierPreInvoiceSPI00472527.pdf,"FR-60126 LONGUEIL STE
A",FR-60490 RESSONS-SUR-
2024-04-09,LILTRP000123340,"4262,46","270,00",SupplierPreInvoiceSPI00472527.pdf,"FR-60126 LONGUEIL STE
A",FR-77550 REAU
2024-04-09,LILTRP000123341,"3808,24","270,00",SupplierPreInvoiceSPI00472527.pdf,"FR-60126 LONGUEIL STE
A",FR-95820 BRUYÈRES SUR
2024-04-10,LILTRP000123441,"5850,68","370,00",SupplierPreInvoiceSPI00472527.pdf,"FR-60126 LONGUEIL STE
A",FR-77700 SERRIS
2024-04-08,PARCTG000187023,"14339,38","200,00",SupplierPreInvoiceSPI00472528.pdf,"FR-77185 LOGNES
A",FR-77185 LOGNES
2024-03-28,PARTRP000107212,"16553,60","400,00",SupplierPreInvoiceSPI00472528.pdf,"FR-02430 GAUCHY
A",FR-93290 TREMBLAY-EN-
2024-03-28,PARTRP000107213,"16553,60","400,00",SupplierPreInvoiceSPI00472528.pdf,"FR-02430 GAUCHY
A",FR-93290 TREMBLAY-EN-
2024-03-29,PARTRP000107465,"303,42","290,00",SupplierPreInvoiceSPI00472528.pdf,"FR-95500 BONNEUIL EN
A",FR-78310 COIGNIERES
2024-03-29,PARTRP000107466,"380,44","260,00",SupplierPreInvoiceSPI00472528.pdf,"FR-95500 BONNEUIL EN
A",FR-92160 ANTONY
2024-04-02,PARTRP000107560,"317,62","310,30",SupplierPreInvoiceSPI00472528.pdf,"FR-95500 BONNEUIL EN
A",FR-93110 ROSNY SOUS
2024-04-02,PARTRP000107561,"595,93","288,90",SupplierPreInvoiceSPI00472528.pdf,"FR-95500 BONNEUIL EN
A",FR-95320 ST LEU LA
2024-04-03,PARTRP000107546,"814,58","180,00",SupplierPreInvoiceSPI00472528.pdf,"FR-77220 GRETZ-
A",FR-92320 CHATILLON
2024-04-03,PARTRP000107576,"7278,86","374,50",SupplierPreInvoiceSPI00472528.pdf,"FR-77170 BRIE COMTE
A",FR-51100 CHALONS EN
2024-04-03,PARTRP000107647,"395,28","267,50",SupplierPreInvoiceSPI00472528.pdf,"FR-95500 BONNEUIL EN
A",FR-91100 CORBEIL
2024-04-03,PARTRP000107646,"820,04","288,90",SupplierPreInvoiceSPI00472528.pdf,"FR-95500 BONNEUIL EN
A",FR-77140 NEMOURS
2024-04-04,PARTRP000107699,"434,70","278,20",SupplierPreInvoiceSPI00472528.pdf,"FR-95500 BONNEUIL EN
A",FR-95100 ARGENTEUIL
2024-04-04,PARTRP000107704,"286,44","288,90",SupplierPreInvoiceSPI00472528.pdf,"FR-95500 BONNEUIL EN
A",FR-93160 NOISY LE
2024-04-04,PARTRP000107705,"385,62","299,60",SupplierPreInvoiceSPI00472528.pdf,"FR-95500 BONNEUIL EN
A",FR-95590 PRESLES
2024-04-11,PARTRP000107939,"4229,49","150,00",SupplierPreInvoiceSPI00472528.pdf,"FR-77220 GRETZ-
A",FR-77720 MORMANT
2024-04-11,PARTRP000108033,"6182,88","170,00",SupplierPreInvoiceSPI00472528.pdf,"FR-77220 GRETZ-
A",FR-95640 MARINES
2024-04-11,PARTRP000108182,"417,90","256,80",SupplierPreInvoiceSPI00472528.pdf,"FR-95500 BONNEUIL EN
A",FR-91600 SAVIGNY SUR
2024-04-11,PARTRP000108185,"628,79","203,30",SupplierPreInvoiceSPI00472528.pdf,"FR-95500 BONNEUIL EN
A",FR-92120 MONTROUGE
2024-04-12,PARTRP000107897,"3342,00","250,00",SupplierPreInvoiceSPI00472528.pdf,"FR-91220 LE PLESSIS
A",FR-77550 REAU
2024-04-12,PARTRP000107900,"5159,96","250,00",SupplierPreInvoiceSPI00472528.pdf,"FR-91220 LE PLESSIS
A",FR-77176 SAVIGNY-LE-
2024-04-12,PARTRP000108312,"677,15","299,60",SupplierPreInvoiceSPI00472528.pdf,"FR-95500 BONNEUIL EN
A",FR-95480 PIERRELAYE
2024-04-12,PARTRP000108314,"330,37","278,20",SupplierPreInvoiceSPI00472528.pdf,"FR-95500 BONNEUIL EN
A",FR-91310 MONTLHERY
2024-04-15,PARTRP000108412,"230,35","20,30",SupplierPreInvoiceSPI00472528.pdf,"FR-95500 BONNEUIL EN
A",FR-78580 MAULE
2024-04-15,PARTRP000108413,"243,16","20,30",SupplierPreInvoiceSPI00472528.pdf,"FR-95500 BONNEUIL EN
A",FR-92160 ANTONY
2024-04-23,LILTRP000124103,"4719,21","270,00",SupplierPreInvoiceSPI00475774.pdf,"FR-60126 LONGUEIL STE
A",FR-77550 MOISSY-
2024-04-25,LILTRP000124231,"5192,54","400,00",SupplierPreInvoiceSPI00475774.pdf,"FR-60126 LONGUEIL STE
A",FR-75380 CHILLY-
2024-04-29,LILTRP000124381,"5651,37","320,00",SupplierPreInvoiceSPI00475774.pdf,"FR-60126 LONGUEIL STE
A",FR-91320 WISSOUS
2024-04-15,PARTRP000108412,"230,35","290,00",SupplierPreInvoiceSPI00475775.pdf,"FR-95500 BONNEUIL EN
A",FR-78580 MAULE
2024-04-15,PARTRP000108413,"243,16","290,00",SupplierPreInvoiceSPI00475775.pdf,"FR-95500 BONNEUIL EN
A",FR-92160 ANTONY
2024-04-16,PARTRP000108498,"162,36","310,30",SupplierPreInvoiceSPI00475775.pdf,"FR-95500 BONNEUIL EN
A",FR-92120 MONTROUGE
2024-04-16,PARTRP000108500,"717,21","321,00",SupplierPreInvoiceSPI00475775.pdf,"FR-95500 BONNEUIL EN
A",FR-78550 GRESSY
2024-04-17,PARTRP000108411,"16307,06","250,00",SupplierPreInvoiceSPI00475775.pdf,"FR-77220 GRETZ-
A",FR-94450 LIMEIL
2024-04-17,PARTRP000108496,"7552,97","374,50",SupplierPreInvoiceSPI00475775.pdf,"FR-77170 BRIE COMTE
A",FR-51100 CHALONS EN
2024-04-17,PARTRP000108583,"610,34","310,30",SupplierPreInvoiceSPI00475775.pdf,"FR-95500 BONNEUIL EN
A",FR-78420 CARRIERES
2024-04-17,PARTRP000108584,"385,10","310,30",SupplierPreInvoiceSPI00475775.pdf,"FR-95500 BONNEUIL EN
A",FR-91390 MORSANG SUR
2024-04-18,PARTRP000108684,"55,76","288,90",SupplierPreInvoiceSPI00475775.pdf,"FR-95500 BONNEUIL EN
A",FR-78200 BUCHELAY
2024-04-18,PARTRP000108686,"281,44","299,60",SupplierPreInvoiceSPI00475775.pdf,"FR-95500 BONNEUIL EN
A",FR-78990 ELANCOURT
2024-04-19,PARTRP000108610,"9263,80","200,00",SupplierPreInvoiceSPI00475775.pdf,"FR-77220 GRETZ-
A",FR-78711 MANTES LA
2024-04-19,PARTRP000108833,"294,92","321,00",SupplierPreInvoiceSPI00475775.pdf,"FR-95500 BONNEUIL EN
A",FR-77780 BOURRON
2024-04-19,PARTRP000108832,"458,62","310,30",SupplierPreInvoiceSPI00475775.pdf,"FR-95500 BONNEUIL EN
A",FR-91160 LONGJUMEAU
2024-04-22,PARTRP000108613,"9995,65","350,00",SupplierPreInvoiceSPI00475775.pdf,"FR-60490 RESSONS SUR
A",FR-60300 SENLIS
2024-04-22,PARTRP000108918,"677,45","288,90",SupplierPreInvoiceSPI00475775.pdf,"FR-95500 BONNEUIL EN
A",FR-92700 COLOMBES
2024-04-30,PARTRP000109444,"4760,46","150,00",SupplierPreInvoiceSPI00475775.pdf,"FR-77220 GRETZ-
A",FR-93150 LE BLANC
2024-04-30,PARTRP000109551,"700,20","20,30",SupplierPreInvoiceSPI00475775.pdf,"FR-95500 BONNEUIL EN
A",FR-78630 ORGEVAL
2024-04-30,PARTRP000109548,"572,61","310,30",SupplierPreInvoiceSPI00475775.pdf,"FR-95500 BONNEUIL EN
A",FR-94400 VITRY SUR
2024-04-30,LILTRP000124473,"7577,70","320,00",SupplierPreInvoiceSPI00478381.pdf,"FR-60126 LONGUEIL STE
A",FR-91320 WISSOUS
2024-04-30,LILTRP000124498,"10060,70","320,00",SupplierPreInvoiceSPI00478381.pdf,"FR-60126 LONGUEIL STE
A",FR-91380 CHILLY
2024-05-03,LILTRP000124581,"7218,07","390,00",SupplierPreInvoiceSPI00478381.pdf,"FR-60126 LONGUEIL STE
A",FR-77240 VERT-SAINT-
2024-05-06,LILTRP000124733,"6538,49","270,00",SupplierPreInvoiceSPI00478381.pdf,"FR-60126 LONGUEIL STE
A",FR-77550 MOISSY-
2024-04-30,PARTRP000109551,"700,20","290,00",SupplierPreInvoiceSPI00478382.pdf,"FR-95500 BONNEUIL EN
A",FR-78630 ORGEVAL
2024-05-02,PARTRP000109561,"2041,00","220,00",SupplierPreInvoiceSPI00478382.pdf,"FR-93200 ST DENIS
A",FR-77700 CHESSY
2024-05-02,PARTRP000109483,"11133,65","350,00",SupplierPreInvoiceSPI00478382.pdf,"FR-60490 RESSONS-SUR-
A",FR-60300 SENLIS
2024-05-02,PARTRP000109645,"227,14","310,30",SupplierPreInvoiceSPI00478382.pdf,"FR-95500 BONNEUIL EN
A",FR-93460 GOURNAY SUR
2024-05-02,PARTRP000109644,"822,55","321,00",SupplierPreInvoiceSPI00478382.pdf,"FR-95500 BONNEUIL EN
A",FR-91410 DOURDAN
2024-05-03,PARTRP000109692,"2105,00","950,00",SupplierPreInvoiceSPI00478382.pdf,"FR-77127 LIEUSAINT
A",FR-08000 CHARLEVILLE
2024-05-03,PARTRP000109783,"254,28","321,00",SupplierPreInvoiceSPI00478382.pdf,"FR-95500 BONNEUIL EN
A",FR-92160 ANTONY
2024-05-03,PARTRP000109781,"506,96","321,00",SupplierPreInvoiceSPI00478382.pdf,"FR-95500 BONNEUIL EN
A",FR-91590 LA FERTE ALAIS
2024-05-06,PARTRP000109852,"494,53","288,90",SupplierPreInvoiceSPI00478382.pdf,"FR-95500 BONNEUIL EN
A",FR-95330 DOMONT
2024-05-06,PARTRP000109853,"565,47","299,60",SupplierPreInvoiceSPI00478382.pdf,"FR-95500 BONNEUIL EN
A",FR-91370 VERRIERES LE
2024-05-13,PARTRP000109865,"5792,00","180,00",SupplierPreInvoiceSPI00478382.pdf,"FR-91130 RIS-ORANGIS
A",FR-94390 ORLY
2024-05-14,PARTRP000110177,"445,84","310,30",SupplierPreInvoiceSPI00478382.pdf,"FR-95500 BONNEUIL EN
A",FR-77870 VULAINES SUR
2024-05-14,PARTRP000110174,"572,05","342,40",SupplierPreInvoiceSPI00478382.pdf,"FR-95500 BONNEUIL EN
A",FR-77190 DAMMARIE LES
2024-05-15,LILTRP000125120,"2355,80","250,00",SupplierPreInvoiceSPI00481646.pdf,"FR-60126 LONGUEIL STE
A",FR-60300 SENLIS
2024-05-16,LILTRP000125244,"2030,28","270,00",SupplierPreInvoiceSPI00481646.pdf,"FR-60126 LONGUEIL STE
A",FR-77340 PONTAULT-
2024-05-17,LILTRP000125312,"5176,83","250,00",SupplierPreInvoiceSPI00481646.pdf,"FR-60126 LONGUEIL STE
A",FR-91380 CHILLY
2024-05-17,LILTRP000125314,"4578,28","250,00",SupplierPreInvoiceSPI00481646.pdf,"FR-60126 LONGUEIL STE
A",FR-77550 MOISSY-
2024-05-21,LILTRP000125401,"2987,84","270,00",SupplierPreInvoiceSPI00481646.pdf,"FR-60126 LONGUEIL STE
A",FR-77550 MOISSY-
2024-05-21,LILTRP000125402,"3365,30","270,00",SupplierPreInvoiceSPI00481646.pdf,"FR-60126 LONGUEIL STE
A",FR-77550 MOISSY-
2024-05-21,LILTRP000125403,"4252,98","270,00",SupplierPreInvoiceSPI00481646.pdf,"FR-60126 LONGUEIL STE
A",FR-95820 BRUYÈRES SUR
2024-05-22,LILTRP000125446,"5428,55","520,00",SupplierPreInvoiceSPI00481646.pdf,"FR-60126 LONGUEIL STE
A",FR-77559 REAU
2024-05-23,LILTRP000125597,"2192,77","270,00",SupplierPreInvoiceSPI00481646.pdf,"FR-60126 LONGUEIL STE
A",FR-77340 PONTAULT-
2024-05-23,LILTRP000125598,"4838,26","270,00",SupplierPreInvoiceSPI00481646.pdf,"FR-60126 LONGUEIL STE
A",FR-77550 MOISSY-
2024-05-23,LILTRP000125596,"3400,18","270,00",SupplierPreInvoiceSPI00481646.pdf,"FR-60126 LONGUEIL STE
A",FR-91140 VILLEBON-SUR-
2024-05-24,LILTRP000125687,"4605,79","270,00",SupplierPreInvoiceSPI00481646.pdf,"FR-60126 LONGUEIL STE
A",FR-91380 CHILLY
2024-05-24,LILTRP000125686,"4228,10","270,00",SupplierPreInvoiceSPI00481646.pdf,"FR-60126 LONGUEIL STE
A",FR-77550 MOISSY
2024-05-24,LILTRP000125685,"5746,72","350,00",SupplierPreInvoiceSPI00481646.pdf,"FR-60126 LONGUEIL STE
A",FR-77550 MOISSY
2024-05-27,LILTRP000125810,"4930,32","300,00",SupplierPreInvoiceSPI00481646.pdf,"FR-60126 LONGUEIL STE
A",
2024-05-28,LILTRP000125878,"5766,81","400,00",SupplierPreInvoiceSPI00481646.pdf,"FR-60126 LONGUEIL STE
A",FR-95820 BRUYÈRES SUR
2024-05-28,LILTRP000125879,"4937,08","270,00",SupplierPreInvoiceSPI00481646.pdf,"FR-60126 LONGUEIL STE
A",FR-77176 SAVIGNY LE
2024-05-29,LILTRP000125965,"8111,17","320,00",SupplierPreInvoiceSPI00481646.pdf,"FR-60126 LONGUEIL STE
A",FR-77559 REAU
2024-05-29,LILTRP000125964,"8946,61","270,00",SupplierPreInvoiceSPI00481646.pdf,"FR-60126 LONGUEIL STE
A",FR-77176 SAVIGNY LE
2024-05-29,LILTRP000126016,"3199,34","350,00",SupplierPreInvoiceSPI00481646.pdf,"FR-60126 LONGUEIL STE
A",FR-77550 MOISSY
2024-05-30,LILTRP000126094,"7446,76","270,00",SupplierPreInvoiceSPI00481646.pdf,"FR-60126 LONGUEIL STE
A",FR-77700 SERRIS
2024-05-30,LILTRP000126095,"1154,69","320,00",SupplierPreInvoiceSPI00481646.pdf,"FR-60126 LONGUEIL STE
A",FR-92200 NANTERRE
2024-05-30,LILTRP000126134,"1902,95","270,00",SupplierPreInvoiceSPI00481646.pdf,"FR-60126 LONGUEIL STE
A",FR-77340 PONTAULT-
2024-05-30,LILTRP000126135,"2462,95","270,00",SupplierPreInvoiceSPI00481646.pdf,"FR-60126 LONGUEIL STE
A",FR-91140 VILLEBON-SUR-
2024-05-31,LILTRP000126151,"3868,26","270,00",SupplierPreInvoiceSPI00481646.pdf,"FR-60126 LONGUEIL STE
A",FR-77550 MOISSY
2024-05-31,LILTRP000126152,"3882,06","270,00",SupplierPreInvoiceSPI00481646.pdf,"FR-60126 LONGUEIL STE
A",FR-95820 BRUYÈRES SUR
2024-05-31,LILTRP000126154,"3510,98","270,00",SupplierPreInvoiceSPI00481646.pdf,"FR-60126 LONGUEIL STE
A",FR-77550 MOISSY
2024-05-31,PARCTG000192806,"14790,46","200,00",SupplierPreInvoiceSPI00481647.pdf,"FR-77185 LOGNES
A",FR-77185 LOGNES
2024-05-15,PARTRP000110319,"5560,30","350,00",SupplierPreInvoiceSPI00481647.pdf,"FR-77170 BRIE COMTE
A",FR-51100 CHALONS EN
2024-05-15,PARTRP000110366,"331,33","290,00",SupplierPreInvoiceSPI00481647.pdf,"FR-95500 BONNEUIL EN
A",FR-77600 GUERMANTES
2024-05-15,PARTRP000110370,"235,73","280,00",SupplierPreInvoiceSPI00481647.pdf,"FR-95500 BONNEUIL EN
A",FR-78711 MANTES LA
2024-05-17,PARTRP000110555,"332,10","374,50",SupplierPreInvoiceSPI00481647.pdf,"FR-95500 BONNEUIL EN
A",FR-77560 VILLIERS ST
2024-05-17,PARTRP000110556,"827,71","310,30",SupplierPreInvoiceSPI00481647.pdf,"FR-95500 BONNEUIL EN
A",FR-78200 BUCHELAY
2024-05-17,PARTRP000110562,"160,27","192,60",SupplierPreInvoiceSPI00481647.pdf,"FR-95500 BONNEUIL EN
A",FR-92140 CLAMART
2024-05-17,PARTRP000110628,"633,74","321,00",SupplierPreInvoiceSPI00481647.pdf,"FR-95500 BONNEUIL EN
A",FR-77240 SEINE PORT
2024-05-17,PARTRP000110629,"1192,07","492,20",SupplierPreInvoiceSPI00481647.pdf,"FR-95500 BONNEUIL EN
A",FR-78390 BOIS D ARCY
2024-05-21,PARTRP000110639,"722,00","150,00",SupplierPreInvoiceSPI00481647.pdf,"FR-93200 ST DENIS
A",FR-77700 CHESSY
2024-05-21,PARTRP000110506,"4677,85","160,00",SupplierPreInvoiceSPI00481647.pdf,"FR-77220 GRETZ-
A",FR-93290 TREMBLAY EN
2024-05-21,PARTRP000110383,"10191,62","350,00",SupplierPreInvoiceSPI00481647.pdf,"FR-60490 RESSONS-SUR-
A",FR-60300 SENLIS
2024-05-21,PARTRP000110767,"782,71","270,00",SupplierPreInvoiceSPI00481647.pdf,"FR-95500 BONNEUIL EN
A",FR-95800 CERGY
2024-05-21,PARTRP000110768,"783,80","260,00",SupplierPreInvoiceSPI00481647.pdf,"FR-95500 BONNEUIL EN
A",FR-75015 PARIS
2024-05-22,PARTRP000110826,"509,95","256,80",SupplierPreInvoiceSPI00481647.pdf,"FR-95500 BONNEUIL EN
A",FR-77169 ST-SIMEON
2024-05-22,PARTRP000110831,"136,94","224,70",SupplierPreInvoiceSPI00481647.pdf,"FR-95500 BONNEUIL EN
A",
2024-05-23,PARTRP000110863,"6310,00","374,50",SupplierPreInvoiceSPI00481647.pdf,"FR-77170 BRIE COMTE
A",FR-51100 CHALONS EN
2024-05-23,PARTRP000110949,"1010,31","374,50",SupplierPreInvoiceSPI00481647.pdf,"FR-95500 BONNEUIL EN
A",FR-78440 GARGENVILLE
2024-05-23,PARTRP000110953,"183,40","278,20",SupplierPreInvoiceSPI00481647.pdf,"FR-95500 BONNEUIL EN
A",FR-77130 MAROLLES SUR
2024-05-24,PARTRP000111031,"820,42","224,70",SupplierPreInvoiceSPI00481647.pdf,"FR-95500 BONNEUIL EN
A",FR-78590 NOISY LE ROI
2024-05-24,PARTRP000111041,"1034,09","256,80",SupplierPreInvoiceSPI00481647.pdf,"FR-95500 BONNEUIL EN
A",
2024-05-27,PARTRP000111183,"567,28","267,50",SupplierPreInvoiceSPI00481647.pdf,"FR-95500 BONNEUIL EN
A",FR-92160 ANTONY
2024-05-27,PARTRP000111200,"793,16","256,80",SupplierPreInvoiceSPI00481647.pdf,"FR-95500 BONNEUIL EN
A",FR-94400 VITRY SUR
2024-05-28,PARTRP000111109,"11276,92","250,00",SupplierPreInvoiceSPI00481647.pdf,"FR-77220 GRETZ-
A",FR-77552 MOISSY-
2024-05-28,PARTRP000111331,"741,22","246,10",SupplierPreInvoiceSPI00481647.pdf,"FR-95500 BONNEUIL EN
A",FR-77600 GUERMANTES
2024-05-28,PARTRP000111333,"289,66","278,20",SupplierPreInvoiceSPI00481647.pdf,"FR-95500 BONNEUIL EN
A",FR-92120 MONTROUGE
2024-05-29,PARTRP000111354,"5464,37","374,50",SupplierPreInvoiceSPI00481647.pdf,"FR-77170 BRIE COMTE
A",FR-51100 CHALONS EN
2024-05-29,PARTRP000111454,"458,39","288,90",SupplierPreInvoiceSPI00481647.pdf,"FR-95500 BONNEUIL EN
A",FR-91620 NOZAY
2024-05-29,PARTRP000111459,"333,59","192,60",SupplierPreInvoiceSPI00481647.pdf,"FR-95500 BONNEUIL EN
A",FR-92000 NANTERRE
2024-05-30,PARTRP000111414,"3961,00","280,00",SupplierPreInvoiceSPI00481647.pdf,"FR-93200 ST DENIS
A",FR-77700 CHESSY
2024-05-30,PARTRP000111604,"344,86","246,10",SupplierPreInvoiceSPI00481647.pdf,"FR-95500 BONNEUIL EN
A",FR-91620 NOZAY
2024-05-30,PARTRP000111607,"151,50","246,10",SupplierPreInvoiceSPI00481647.pdf,"FR-95500 BONNEUIL EN
A",FR-78711 MANTES LA
2024-05-31,PARTRP000111630,"7666,67","350,00",SupplierPreInvoiceSPI00481647.pdf,"FR-77185 LOGNES
A",FR-75008 PARIS
2024-05-31,PARTRP000111678,"562,59","19,60",SupplierPreInvoiceSPI00481647.pdf,"FR-95500 BONNEUIL EN
A",FR-91590 BAULNE
2024-05-31,PARTRP000111683,"398,20","17,50",SupplierPreInvoiceSPI00481647.pdf,"FR-95500 BONNEUIL EN
A",FR-75009 PARIS
2024-06-03,LILTRP000126247,"6250,94","400,00",SupplierPreInvoiceSPI00484976.pdf,"FR-60126 LONGUEIL STE
A",FR-75380 CHILLY-
2024-06-03,LILTRP000126252,"8038,64","270,00",SupplierPreInvoiceSPI00484976.pdf,"FR-60126 LONGUEIL STE
A",FR-95820 BRUYERES SUR
2024-06-05,LILTRP000126336,"4264,85","270,00",SupplierPreInvoiceSPI00484976.pdf,"FR-60126 LONGUEIL STE
A",FR-77176 SAVIGNY LE
2024-06-05,LILTRP000126375,"3828,54","270,00",SupplierPreInvoiceSPI00484976.pdf,"FR-60126 LONGUEIL STE
A",FR-77550 REAU
2024-06-06,LILTRP000126383,"3199,34","300,00",SupplierPreInvoiceSPI00484976.pdf,"FR-60126 LONGUEIL STE
A",FR-77550 MOISSY
2024-06-06,LILTRP000126462,"2926,07","320,00",SupplierPreInvoiceSPI00484976.pdf,"FR-60126 LONGUEIL STE
A",FR-60490 RESSONS-SUR-
2024-06-07,LILTRP000126382,"5617,46","300,00",SupplierPreInvoiceSPI00484976.pdf,"FR-60126 LONGUEIL STE
A",FR-77550 MOISSY
2024-06-10,LILTRP000126597,"4815,20","270,00",SupplierPreInvoiceSPI00484976.pdf,"FR-60126 LONGUEIL STE
A",
2024-06-12,LILTRP000126713,"4184,29","270,00",SupplierPreInvoiceSPI00484976.pdf,"FR-60126 LONGUEIL STE
A",FR-77550 REAU
2024-06-13,LILTRP000126929,"2521,93","320,00",SupplierPreInvoiceSPI00484976.pdf,"FR-60126 LONGUEIL STE
A",FR-91320 WISSOUS
2024-05-31,PARTRP000111678,"562,59","280,00",SupplierPreInvoiceSPI00484977.pdf,"FR-95500 BONNEUIL EN
A",FR-91590 BAULNE
2024-05-31,PARTRP000111683,"398,20","250,00",SupplierPreInvoiceSPI00484977.pdf,"FR-95500 BONNEUIL EN
A",FR-75009 PARIS
2024-06-03,PARTRP000111455,"13835,00","280,00",SupplierPreInvoiceSPI00484977.pdf,"FR-77165 ST SOUPPLETS
A",FR-92230 GENNEVILLIERS
2024-06-03,PARTRP000111549,"3276,00","850,00",SupplierPreInvoiceSPI00484977.pdf,"FR-95700 ROISSY CDG
A",FR-60300 SENLIS
2024-06-03,PARTRP000111806,"607,33","256,80",SupplierPreInvoiceSPI00484977.pdf,"FR-95500 BONNEUIL EN
A",FR-92160 ANTONY
2024-06-03,PARTRP000111808,"256,48","267,50",SupplierPreInvoiceSPI00484977.pdf,"FR-95500 BONNEUIL EN
A",FR-94310 ORLY
2024-06-04,PARTRP000111554,"3164,94","350,00",SupplierPreInvoiceSPI00484977.pdf,"FR-95700 ROISSY CDG
A",FR-60300 SENLIS
2024-06-04,PARTRP000111919,"841,46","203,30",SupplierPreInvoiceSPI00484977.pdf,"FR-95500 BONNEUIL EN
A",FR-91210 DRAVEIL
2024-06-04,PARTRP000111920,"331,41","288,90",SupplierPreInvoiceSPI00484977.pdf,"FR-95500 BONNEUIL EN
A",FR-78980 LONGNES
2024-06-05,PARTRP000111908,"7963,00","200,00",SupplierPreInvoiceSPI00484977.pdf,"FR-77220 GRETZ-
A",FR-77551 MOISSY
2024-06-05,PARTRP000111993,"537,04","256,80",SupplierPreInvoiceSPI00484977.pdf,"FR-95500 BONNEUIL EN
A",FR-78200 BUCHELAY
2024-06-05,PARTRP000111995,"603,25","267,50",SupplierPreInvoiceSPI00484977.pdf,"FR-95500 BONNEUIL EN
A",FR-77700 BAILLY
2024-06-05,PARTRP000111975,"6293,81","404,50",SupplierPreInvoiceSPI00484977.pdf,"FR-77170 BRIE COMTE
A",FR-02880 CROUY
2024-06-06,PARTRP000112089,"583,79","267,50",SupplierPreInvoiceSPI00484977.pdf,"FR-95500 BONNEUIL EN
A",FR-77690 MONTIGNY SUR
2024-06-06,PARTRP000112091,"228,19","214,00",SupplierPreInvoiceSPI00484977.pdf,"FR-95500 BONNEUIL EN
A",FR-94210 LA VARENNE ST
2024-06-07,PARTRP000112245,"490,20","235,40",SupplierPreInvoiceSPI00484977.pdf,"FR-95500 BONNEUIL EN
A",FR-94370 SUCY EN BRIE
2024-06-07,PARTRP000112249,"657,21","203,30",SupplierPreInvoiceSPI00484977.pdf,"FR-95500 BONNEUIL EN
A",FR-92270 BOIS
2024-06-10,PARTRP000112221,"2157,00","900,00",SupplierPreInvoiceSPI00484977.pdf,"FR-77127 LIEUSAINT
A",FR-08000 CHARLEVILLE
2024-06-10,PARTRP000112356,"666,01","246,10",SupplierPreInvoiceSPI00484977.pdf,"FR-95500 BONNEUIL EN
A",FR-77340 PONTAULT
2024-06-10,PARTRP000112360,"641,99","235,40",SupplierPreInvoiceSPI00484977.pdf,"FR-95500 BONNEUIL EN
A",FR-93150 LE BLANC
2024-06-11,PARTRP000112335,"1356,66","180,00",SupplierPreInvoiceSPI00484977.pdf,"FR-91090 LISSES
A",FR-95670 MARLY
2024-06-11,PARTRP000112462,"507,45","224,70",SupplierPreInvoiceSPI00484977.pdf,"FR-95500 BONNEUIL EN
A",FR-93160 NOISY LE
2024-06-11,PARTRP000112464,"392,00","235,40",SupplierPreInvoiceSPI00484977.pdf,"FR-95500 BONNEUIL EN
A",FR-77600 GUERMANTES
2024-06-12,PARTRP000112391,"870,03","200,00",SupplierPreInvoiceSPI00484977.pdf,"FR-77127 LIEUSAINT
A",FR-77550 RÉAU
2024-06-12,PARTRP000112555,"260,38","235,40",SupplierPreInvoiceSPI00484977.pdf,"FR-95500 BONNEUIL EN
A",FR-95480 PIERRELAYE
2024-06-12,PARTRP000112557,"686,32","256,80",SupplierPreInvoiceSPI00484977.pdf,"FR-95500 BONNEUIL EN
A",FR-77190 DAMMARIE LES
2024-06-12,PARTRP000112481,"4042,29","424,50",SupplierPreInvoiceSPI00484977.pdf,"FR-77170 BRIE COMTE
A",FR-02400 CHÂTEAU
2024-06-13,PARTRP000112492,"14470,16","200,00",SupplierPreInvoiceSPI00484977.pdf,"FR-77220 GRETZ-
A",FR-77552 MOISSY-
2024-06-13,PARTRP000112684,"678,28","321,00",SupplierPreInvoiceSPI00484977.pdf,"FR-95500 BONNEUIL EN
A",FR-91410 LES GRANGES
2024-06-13,PARTRP000112685,"795,87","267,50",SupplierPreInvoiceSPI00484977.pdf,"FR-95500 BONNEUIL EN
A",FR-95120 ERMONT
2024-06-18,LILTRP000127104,"5161,67","270,00",SupplierPreInvoiceSPI00488337.pdf,"FR-60126 LONGUEIL STE
A",FR-77559 REAU
2024-06-19,LILTRP000127168,"13956,60","350,00",SupplierPreInvoiceSPI00488337.pdf,"FR-60126 LONGUEIL STE
A",FR-60280 VENETTE
2024-06-25,LILTRP000127617,"3593,45","280,00",SupplierPreInvoiceSPI00488337.pdf,"FR-60126 LONGUEIL STE
A",FR-77559 REAU
2024-06-27,LILTRP000127719,"5027,89","280,00",SupplierPreInvoiceSPI00488337.pdf,"FR-60126 LONGUEIL STE
A",
2024-06-27,LILTRP000127721,"3132,37","280,00",SupplierPreInvoiceSPI00488337.pdf,"FR-60126 LONGUEIL STE
A",FR-77240 VERT-SAINT-
2024-06-28,LILTRP000127723,"6351,15","320,00",SupplierPreInvoiceSPI00488337.pdf,"FR-60126 LONGUEIL STE
A",FR-77240 VERT-SAINT-
2024-06-25,PARCTG000195746,"17120,63","200,00",SupplierPreInvoiceSPI00488338.pdf,"FR-77185 LOGNES
A",FR-77185 LOGNES
2024-06-14,PARTRP000112796,"774,30","374,50",SupplierPreInvoiceSPI00488338.pdf,"FR-95500 BONNEUIL EN
A",FR-78310 COIGNIERES
2024-06-14,PARTRP000112799,"741,05","267,50",SupplierPreInvoiceSPI00488338.pdf,"FR-95500 BONNEUIL EN
A",FR-91650 BREUILLET
2024-06-17,PARTRP000112636,"2369,95","250,00",SupplierPreInvoiceSPI00488338.pdf,"FR-77127 LIEUSAINT
A",FR-77550 RÉAU
2024-06-17,PARTRP000112928,"559,75","299,60",SupplierPreInvoiceSPI00488338.pdf,"FR-95500 BONNEUIL EN
A",FR-78310 COIGNIERES
2024-06-17,PARTRP000112931,"264,17","299,60",SupplierPreInvoiceSPI00488338.pdf,"FR-95500 BONNEUIL EN
A",FR-77400 ST THIBAULT
2024-06-18,PARTRP000112897,"3774,96","280,00",SupplierPreInvoiceSPI00488338.pdf,"FR-95310 SAINT OUEN
A",FR-60300 SENLIS
2024-06-18,PARTRP000112695,"9497,53","350,00",SupplierPreInvoiceSPI00488338.pdf,"FR-60490 RESSONS SUR
A",FR-60300 SENLIS
2024-06-18,PARTRP000113046,"423,77","299,60",SupplierPreInvoiceSPI00488338.pdf,"FR-95500 BONNEUIL EN
A",FR-91620 NOZAY
2024-06-18,PARTRP000113047,"647,10","278,20",SupplierPreInvoiceSPI00488338.pdf,"FR-95500 BONNEUIL EN
A",FR-93110 ROSNY SOUS
2024-06-19,PARTRP000113118,"325,22","299,60",SupplierPreInvoiceSPI00488338.pdf,"FR-95500 BONNEUIL EN
A",FR-78590 NOISY LE ROI
2024-06-19,PARTRP000113119,"1114,93","428,00",SupplierPreInvoiceSPI00488338.pdf,"FR-95500 BONNEUIL EN
A",FR-91420 MORANGIS
2024-06-19,PARTRP000112924,"1132,02","250,00",SupplierPreInvoiceSPI00488338.pdf,"FR-77127 LIEUSAINT
A",FR-77550 RÉAU
2024-06-19,PARTRP000113099,"8683,22","424,50",SupplierPreInvoiceSPI00488338.pdf,"FR-77170 BRIE COMTE
A",FR-02400 CHÂTEAU
2024-06-20,PARTRP000113294,"487,39","310,30",SupplierPreInvoiceSPI00488338.pdf,"FR-95500 BONNEUIL EN
A",FR-77780 BOURRON
2024-06-20,PARTRP000113296,"251,78","310,30",SupplierPreInvoiceSPI00488338.pdf,"FR-95500 BONNEUIL EN
A",FR-92140 CLAMART
2024-06-21,PARTRP000113126,"14184,12","200,00",SupplierPreInvoiceSPI00488338.pdf,"FR-77220 GRETZ-
A",FR-77552 MOISSY-
2024-06-21,PARTRP000112989,"4495,00","280,00",SupplierPreInvoiceSPI00488338.pdf,"FR-91220 LE PLESSIS
A",FR-77550 REAU
2024-06-21,PARTRP000113130,"6402,88","150,00",SupplierPreInvoiceSPI00488338.pdf,"FR-77220 GRETZ-
A",FR-95640 MARINES
2024-06-21,PARTRP000113426,"1189,72","481,50",SupplierPreInvoiceSPI00488338.pdf,"FR-95500 BONNEUIL EN
A",FR-77240 SEINE PORT
2024-06-21,PARTRP000113428,"814,06","321,00",SupplierPreInvoiceSPI00488338.pdf,"FR-95500 BONNEUIL EN
A",FR-91100 CORBEIL
2024-06-24,PARTRP000113583,"507,67","385,20",SupplierPreInvoiceSPI00488338.pdf,"FR-95500 BONNEUIL EN
A",FR-78580 MAULE
2024-06-24,PARTRP000113584,"788,26","256,80",SupplierPreInvoiceSPI00488338.pdf,"FR-95500 BONNEUIL EN
A",FR-77200 TORCY
2024-06-25,PARTRP000113668,"505,94","203,30",SupplierPreInvoiceSPI00488338.pdf,"FR-95500 BONNEUIL EN
A",FR-77190 DAMMARIE LES
2024-06-25,PARTRP000113669,"464,15","256,80",SupplierPreInvoiceSPI00488338.pdf,"FR-95500 BONNEUIL EN
A",FR-91730 CHAMARANDE
2024-06-26,PARTRP000113675,"2698,71","150,00",SupplierPreInvoiceSPI00488338.pdf,"FR-77220 GRETZ-
A",FR-95310 ST OUEN L
2024-06-26,PARTRP000113770,"726,95","235,40",SupplierPreInvoiceSPI00488338.pdf,"FR-95500 BONNEUIL EN
A",FR-91100 CORBEIL
2024-06-26,PARTRP000113778,"301,67","224,70",SupplierPreInvoiceSPI00488338.pdf,"FR-95500 BONNEUIL EN
A",FR-92140 CLAMART
2024-06-26,PARTRP000113713,"11456,16","424,50",SupplierPreInvoiceSPI00488338.pdf,"FR-77170 BRIE COMTE
A",FR-02400 CHÂTEAU
2024-06-28,PARTRP000113777,"4938,98","150,00",SupplierPreInvoiceSPI00488625.pdf,"FR-77220 GRETZ-
A",FR-77552 MOISSY-
2024-06-28,LILTRP000127723,"6351,15","80,00",SupplierPreInvoiceSPI00491585.pdf,"FR-60126 LONGUEIL STE
A",FR-77240 VERT-SAINT-
2024-07-01,LILTRP000127940,"7229,80","350,00",SupplierPreInvoiceSPI00491585.pdf,"FR-60126 LONGUEIL STE
A",FR-77550 MOISSY
2024-07-02,LILTRP000128111,"4113,18","320,00",SupplierPreInvoiceSPI00491585.pdf,"FR-60126 LONGUEIL STE
A",FR-77559 REAU
2024-07-03,LILTRP000128175,"8970,30","350,00",SupplierPreInvoiceSPI00491585.pdf,"FR-60126 LONGUEIL STE
A",FR-91380 CHILLY
2024-07-08,LILTRP000128423,"9305,11","330,00",SupplierPreInvoiceSPI00491585.pdf,"FR-60126 LONGUEIL STE
A",FR-77550 REAU
2024-07-11,LILTRP000128660,"2520,44","300,00",SupplierPreInvoiceSPI00491585.pdf,"FR-60126 LONGUEIL STE
A",FR-91140 VILLEBON-SUR-
2024-07-12,LILTRP000128661,"6840,39","280,00",SupplierPreInvoiceSPI00491585.pdf,"FR-60126 LONGUEIL STE
A",FR-60300 SENLIS
2024-07-15,LILTRP000128780,"7240,91","350,00",SupplierPreInvoiceSPI00491585.pdf,"FR-60126 LONGUEIL STE
A",FR-77550 REAU
2024-06-27,PARTRP000113885,"774,79","278,20",SupplierPreInvoiceSPI00491586.pdf,"FR-95500 BONNEUIL EN
A",FR-78390 BOIS D ARCY
2024-06-27,PARTRP000113887,"420,25","374,50",SupplierPreInvoiceSPI00491586.pdf,"FR-95500 BONNEUIL EN
A",FR-94370 SUCY EN BRIE
2024-06-28,PARTRP000113738,"2764,96","220,00",SupplierPreInvoiceSPI00491586.pdf,"FR-95670 MARLY
A",FR-78700 CONFLANS STE
2024-07-01,PARTRP000113795,"2224,96","250,00",SupplierPreInvoiceSPI00491586.pdf,"FR-77230 MOUSSY LE
A",FR-60300 SENLIS
2024-07-01,PARTRP000114131,"311,36","246,10",SupplierPreInvoiceSPI00491586.pdf,"FR-95500 BONNEUIL EN
A",FR-77130 MAROLLES SUR
2024-07-01,PARTRP000114133,"296,40","235,40",SupplierPreInvoiceSPI00491586.pdf,"FR-95500 BONNEUIL EN
A",FR-94290 VILLENEUVE LE
2024-07-01,PARTRP000114218,"585,32","278,20",SupplierPreInvoiceSPI00491586.pdf,"FR-95500 BONNEUIL EN
A",FR-78125 MITTAINVILLE
2024-07-01,PARTRP000114219,"801,40","374,50",SupplierPreInvoiceSPI00491586.pdf,"FR-95500 BONNEUIL EN
A",FR-91290 ARPAJON
2024-07-02,PARTRP000114160,"3499,96","350,00",SupplierPreInvoiceSPI00491586.pdf,"FR-95310 SAINT OUEN
A",FR-60300 SENLIS
2024-07-02,PARTRP000113865,"2342,01","300,00",SupplierPreInvoiceSPI00491586.pdf,"FR-77127 LIEUSAINT
A",FR-77550 RÉAU
2024-07-02,PARTRP000114402,"487,14","267,50",SupplierPreInvoiceSPI00491586.pdf,"FR-95500 BONNEUIL EN
A",FR-77130 MONTEREAU
2024-07-02,PARTRP000114403,"841,20","278,20",SupplierPreInvoiceSPI00491586.pdf,"FR-95500 BONNEUIL EN
A",FR-78650 BEYNES
2024-07-03,PARTRP000114354,"822,96","280,00",SupplierPreInvoiceSPI00491586.pdf,"FR-77127 LIEUSAINT
A",FR-77550 RÉAU
2024-07-03,PARTRP000114614,"638,11","235,40",SupplierPreInvoiceSPI00491586.pdf,"FR-95500 BONNEUIL EN
A",FR-77870 VULAINES SUR
2024-07-03,PARTRP000114618,"773,40","235,40",SupplierPreInvoiceSPI00491586.pdf,"FR-95500 BONNEUIL EN
A",FR-77400 ST THIBAULT
2024-07-04,PARTRP000114916,"564,93","278,20",SupplierPreInvoiceSPI00491586.pdf,"FR-95500 BONNEUIL EN
A",FR-77140 NEMOURS
2024-07-04,PARTRP000114425,"11075,41","524,50",SupplierPreInvoiceSPI00491586.pdf,"FR-77170 BRIE COMTE
A",FR-02400 CHÂTEAU
2024-07-05,PARTRP000114588,"1735,14","280,00",SupplierPreInvoiceSPI00491586.pdf,"FR-77127 LIEUSAINT
A",FR-77550 RÉAU
2024-07-05,PARTRP000114708,"6400,00","200,00",SupplierPreInvoiceSPI00491586.pdf,"FR-60800 CREPY EN
A",FR-78520 LIMAY
2024-07-05,PARTRP000115031,"515,87","246,10",SupplierPreInvoiceSPI00491586.pdf,"FR-95500 BONNEUIL EN
A",FR-78590 NOISY LE ROI
2024-07-05,PARTRP000115034,"682,87","278,20",SupplierPreInvoiceSPI00491586.pdf,"FR-95500 BONNEUIL EN
A",FR-91370 VERRIERES LE
2024-07-08,PARTRP000114701,"1503,97","300,00",SupplierPreInvoiceSPI00491586.pdf,"FR-77127 LIEUSAINT
A",FR-77550 RÉAU
2024-07-08,PARTRP000115186,"706,19","353,10",SupplierPreInvoiceSPI00491586.pdf,"FR-95500 BONNEUIL EN
A",FR-91800 BOUSSY ST
2024-07-08,PARTRP000115188,"468,81","246,10",SupplierPreInvoiceSPI00491586.pdf,"FR-95500 BONNEUIL EN
A",FR-94110 ARCUEIL
2024-07-09,PARTRP000115135,"1345,00","180,00",SupplierPreInvoiceSPI00491586.pdf,"FR-77185 LOGNES
A",FR-94600 CHOISY-LE-ROI
2024-07-09,PARTRP000115333,"542,86","246,10",SupplierPreInvoiceSPI00491586.pdf,"FR-95500 BONNEUIL EN
A",FR-77540 VOINSLES
2024-07-09,PARTRP000115336,"189,51","235,40",SupplierPreInvoiceSPI00491586.pdf,"FR-95500 BONNEUIL EN
A",FR-78650 BEYNES
2024-07-10,PARTRP000115268,"1651,02","150,00",SupplierPreInvoiceSPI00491586.pdf,"FR-95670 MARLY
A",FR-95470 ST WITZ
2024-07-10,PARTRP000115269,"1759,03","150,00",SupplierPreInvoiceSPI00491586.pdf,"FR-95670 MARLY
A",FR-78700 CONFLANS STE
2024-07-10,PARTRP000115535,"446,85","246,10",SupplierPreInvoiceSPI00491586.pdf,"FR-95500 BONNEUIL EN
A",FR-77140 NEMOURS
2024-07-10,PARTRP000115538,"269,16","246,10",SupplierPreInvoiceSPI00491586.pdf,"FR-95500 BONNEUIL EN
A",FR-78200 BUCHELAY
2024-07-15,LILTRP000128797,"4953,68","250,00",SupplierPreInvoiceSPI00494807.pdf,"FR-60126 LONGUEIL STE
A",FR-77176 SAVIGNY LE
2024-07-16,LILTRP000128909,"4315,10","320,00",SupplierPreInvoiceSPI00494807.pdf,"FR-60126 LONGUEIL STE
A",FR-77559 REAU
2024-07-16,LILTRP000128910,"9193,29","320,00",SupplierPreInvoiceSPI00494807.pdf,"FR-60126 LONGUEIL STE
A",
2024-07-18,LILTRP000129019,"7136,90","320,00",SupplierPreInvoiceSPI00494807.pdf,"FR-60126 LONGUEIL STE
A",FR-91320 WISSOUS
2024-07-19,LILTRP000129111,"5719,92","270,00",SupplierPreInvoiceSPI00494807.pdf,"FR-60126 LONGUEIL STE
A",FR-77550 MOISSY
2024-07-19,LILTRP000129196,"5181,11","320,00",SupplierPreInvoiceSPI00494807.pdf,"FR-60126 LONGUEIL STE
A",FR-77550 MOISSY-
2024-07-19,LILTRP000129199,"4365,38","400,00",SupplierPreInvoiceSPI00494807.pdf,"FR-60126 LONGUEIL STE
A",FR-77176 SAVIGNY LE
2024-07-22,LILTRP000129376,"3477,84","250,00",SupplierPreInvoiceSPI00494807.pdf,"FR-60126 LONGUEIL STE
A",FR-60300 SENLIS
2024-07-23,LILTRP000129360,"10401,20","250,00",SupplierPreInvoiceSPI00494807.pdf,"FR-60126 LONGUEIL STE
A",FR-60280 VENETTE
2024-07-25,LILTRP000129444,"3010,12","270,00",SupplierPreInvoiceSPI00494807.pdf,"FR-60126 LONGUEIL STE
A",FR-91140 VILLEBON-SUR-
2024-07-25,LILTRP000129542,"5454,84","300,00",SupplierPreInvoiceSPI00494807.pdf,"FR-60126 LONGUEIL STE
A",FR-60490 RESSONS-SUR-
2024-07-26,LILTRP000129573,"8091,84","250,00",SupplierPreInvoiceSPI00494807.pdf,"FR-60126 LONGUEIL STE
A",FR-60300 SENLIS
2024-07-29,LILTRP000129586,"6661,16","320,00",SupplierPreInvoiceSPI00494807.pdf,"FR-60126 LONGUEIL STE
A",FR-91320 WISSOUS
2024-07-30,LILTRP000129720,"6937,97","320,00",SupplierPreInvoiceSPI00494807.pdf,"FR-60126 LONGUEIL STE
A",FR-60300 SENLIS
2024-07-31,LILTRP000129784,"6668,52","270,00",SupplierPreInvoiceSPI00494807.pdf,"FR-60126 LONGUEIL STE
A",FR-77700 SERRIS
2024-07-15,PARTRP000116137,"377,51","278,20",SupplierPreInvoiceSPI00494808.pdf,"FR-95500 BONNEUIL EN
A",FR-77310 BOISSISE LE
2024-07-15,PARTRP000116138,"334,79","256,80",SupplierPreInvoiceSPI00494808.pdf,"FR-95500 BONNEUIL EN
A",FR-78750 MAREIL MARLY
2024-07-16,PARTRP000115587,"2929,08","300,00",SupplierPreInvoiceSPI00494808.pdf,"FR-77127 LIEUSAINT
A",FR-77550 RÉAU
2024-07-16,PARTRP000116241,"850,17","310,30",SupplierPreInvoiceSPI00494808.pdf,"FR-95500 BONNEUIL EN
A",FR-91100 CORBEIL
2024-07-16,PARTRP000116246,"176,48","299,60",SupplierPreInvoiceSPI00494808.pdf,"FR-95500 BONNEUIL EN
A",FR-91210 DRAVEIL
2024-07-17,PARTRP000115588,"909,96","250,00",SupplierPreInvoiceSPI00494808.pdf,"FR-77127 LIEUSAINT
A",FR-77550 RÉAU
2024-07-17,PARTRP000116368,"610,28","310,30",SupplierPreInvoiceSPI00494808.pdf,"FR-95500 BONNEUIL EN
A",FR-92150 SURESNES
2024-07-17,PARTRP000116371,"651,40","310,30",SupplierPreInvoiceSPI00494808.pdf,"FR-95500 BONNEUIL EN
A",FR-95480 PIERRELAYE
2024-07-17,PARTRP000116417,"8311,00","434,50",SupplierPreInvoiceSPI00494808.pdf,"FR-77170 BRIE COMTE
A",FR-02800 LA FÈRE
2024-07-18,PARTRP000116052,"1363,89","300,00",SupplierPreInvoiceSPI00494808.pdf,"FR-77127 LIEUSAINT
A",FR-77550 RÉAU
2024-07-18,PARTRP000116648,"126,01","256,80",SupplierPreInvoiceSPI00494808.pdf,"FR-95500 BONNEUIL EN
A",FR-77130 MONTEREAU
2024-07-18,PARTRP000116649,"624,36","256,80",SupplierPreInvoiceSPI00494808.pdf,"FR-95500 BONNEUIL EN
A",FR-78980 LONGNES
2024-07-19,PARTRP000114517,"1900,00","180,00",SupplierPreInvoiceSPI00494808.pdf,"FR-77550 MOISSY
A",FR-78180 MONTIGNY LE
2024-07-19,PARTRP000116807,"788,87","246,10",SupplierPreInvoiceSPI00494808.pdf,"FR-95500 BONNEUIL EN
A",FR-77190 DAMMARIE LES
2024-07-19,PARTRP000116810,"721,23","235,40",SupplierPreInvoiceSPI00494808.pdf,"FR-95500 BONNEUIL EN
A",FR-92000 NANTERRE
2024-07-22,PARTRP000116771,"6710,92","170,00",SupplierPreInvoiceSPI00494808.pdf,"FR-95670 MARLY LA VILLE
A",FR-95670 MARLY
2024-07-22,PARTRP000116498,"1619,97","300,00",SupplierPreInvoiceSPI00494808.pdf,"FR-77127 LIEUSAINT
A",FR-77550 RÉAU
2024-07-22,PARTRP000116947,"761,42","256,80",SupplierPreInvoiceSPI00494808.pdf,"FR-95500 BONNEUIL EN
A",FR-78580 BAZEMONT
2024-07-22,PARTRP000116950,"494,65","246,10",SupplierPreInvoiceSPI00494808.pdf,"FR-95500 BONNEUIL EN
A",FR-77590 BOIS LE ROI
2024-07-23,PARTRP000116503,"1952,10","300,00",SupplierPreInvoiceSPI00494808.pdf,"FR-77127 LIEUSAINT
A",FR-77550 RÉAU
2024-07-23,PARTRP000117183,"306,36","267,50",SupplierPreInvoiceSPI00494808.pdf,"FR-95500 BONNEUIL EN
A",FR-91220 BRETIGNY SUR
2024-07-23,PARTRP000117184,"577,37","246,10",SupplierPreInvoiceSPI00494808.pdf,"FR-95500 BONNEUIL EN
A",FR-95800 CERGY
2024-07-24,PARTRP000117430,"560,92","342,40",SupplierPreInvoiceSPI00494808.pdf,"FR-95500 BONNEUIL EN
A",FR-94140 ALFORTVILLE
2024-07-24,PARTRP000117433,"378,19","246,10",SupplierPreInvoiceSPI00494808.pdf,"FR-95500 BONNEUIL EN
A",FR-77320 LESCHEROLLES
2024-07-24,PARTRP000117356,"10018,00","404,50",SupplierPreInvoiceSPI00494808.pdf,"FR-77170 BRIE COMTE
A",FR-02400 CHÂTEAU
2024-07-25,PARTRP000117171,"4324,40","180,00",SupplierPreInvoiceSPI00494808.pdf,"FR-77185 LOGNES
A",FR-93290 TREMBLAY EN
2024-07-25,PARTRP000117339,"2440,00","200,00",SupplierPreInvoiceSPI00494808.pdf,"FR-77185 LOGNES
A",FR-60490 RESSONS SUR
2024-07-25,PARTRP000117515,"213,50","246,10",SupplierPreInvoiceSPI00494808.pdf,"FR-95500 BONNEUIL EN
A",FR-77870 VULAINES SUR
2024-07-25,PARTRP000117512,"839,05","417,30",SupplierPreInvoiceSPI00494808.pdf,"FR-95500 BONNEUIL EN
A",FR-78440 GARGENVILLE
2024-07-26,PARTRP000117621,"2765,04","150,00",SupplierPreInvoiceSPI00494808.pdf,"FR-77220 GRETZ-
A",FR-95735 ROISSY CH DE
2024-07-26,PARTRP000117574,"1346,00","180,00",SupplierPreInvoiceSPI00494808.pdf,"FR-77185 LOGNES
A",FR-95500 GONESS CEDEX
2024-07-26,PARTRP000117688,"214,33","246,10",SupplierPreInvoiceSPI00494808.pdf,"FR-95500 BONNEUIL EN
A",FR-77560 VILLIERS ST
2024-07-26,PARTRP000117689,"708,50","428,00",SupplierPreInvoiceSPI00494808.pdf,"FR-95500 BONNEUIL EN
A",FR-95660 CHAMPAGNE
2024-07-29,PARTRP000117674,"3800,00","140,00",SupplierPreInvoiceSPI00494808.pdf,"FR-93210 LA PLAINE ST
A",FR-95650 PUISEUX
2024-07-29,PARTRP000117881,"648,85","428,00",SupplierPreInvoiceSPI00494808.pdf,"FR-95500 BONNEUIL EN
A",FR-78310 COIGNIERES
2024-07-29,PARTRP000117884,"618,69","256,80",SupplierPreInvoiceSPI00494808.pdf,"FR-95500 BONNEUIL EN
A",FR-91390 MORSANG SUR
2024-07-31,PARTRP000117924,"582,00","170,00",SupplierPreInvoiceSPI00494808.pdf,"FR-95650 PUISEUX
A",FR-95670 MARLY
2024-07-31,PARTRP000118058,"164,76","16,80",SupplierPreInvoiceSPI00494808.pdf,"FR-95500 BONNEUIL EN
A",FR-77600 GUERMANTES
2024-07-31,PARTRP000118062,"772,81","28,00",SupplierPreInvoiceSPI00494808.pdf,"FR-95500 BONNEUIL EN
A",FR-78980 LONGNES
2024-08-01,LILTRP000129824,"1133,16","250,00",SupplierPreInvoiceSPI00497160.pdf,"FR-60126 LONGUEIL STE
A",FR-77340 PONTAULT-
2024-08-02,LILTRP000129915,"6714,05","350,00",SupplierPreInvoiceSPI00497160.pdf,"FR-60126 LONGUEIL STE
A",FR-60300 SENLIS
2024-08-06,LILTRP000130041,"9328,26","320,00",SupplierPreInvoiceSPI00497160.pdf,"FR-60126 LONGUEIL STE
A",FR-77176 SAVIGNY LE
2024-08-07,LILTRP000130102,"6582,13","470,00",SupplierPreInvoiceSPI00497160.pdf,"FR-60126 LONGUEIL STE
A",FR-77240 VERT-SAINT-
2024-08-07,LILTRP000130113,"6052,27","320,00",SupplierPreInvoiceSPI00497160.pdf,"FR-60126 LONGUEIL STE
A",FR-91380 CHILLY
2024-08-08,LILTRP000130159,"5655,51","320,00",SupplierPreInvoiceSPI00497160.pdf,"FR-60126 LONGUEIL STE
A",FR-60490 RESSONS-SUR-
2024-08-08,LILTRP000130161,"7016,62","320,00",SupplierPreInvoiceSPI00497160.pdf,"FR-60126 LONGUEIL STE
A",FR-75380 CHILLY-
2024-08-08,LILTRP000130211,"9904,72","270,00",SupplierPreInvoiceSPI00497160.pdf,"FR-60126 LONGUEIL STE
A",FR-95820 BRUYÈRES SUR
2024-08-09,LILTRP000130213,"1866,72","200,00",SupplierPreInvoiceSPI00497160.pdf,"FR-60126 LONGUEIL STE
A",FR-60300 SENLIS
2024-07-31,PARTRP000118058,"164,76","240,00",SupplierPreInvoiceSPI00497161.pdf,"FR-95500 BONNEUIL EN
A",FR-77600 GUERMANTES
2024-07-31,PARTRP000118062,"772,81","400,00",SupplierPreInvoiceSPI00497161.pdf,"FR-95500 BONNEUIL EN
A",FR-78980 LONGNES
2024-07-31,PARTRP000118076,"5311,00","374,50",SupplierPreInvoiceSPI00497161.pdf,"FR-77170 BRIE COMTE
A",FR-02400 CHÂTEAU
2024-08-01,PARTRP000118064,"1054,06","180,00",SupplierPreInvoiceSPI00497161.pdf,"FR-77164 FERRIERES EN
A",FR-95670 MARLY
2024-08-01,PARTRP000117905,"1803,04","220,00",SupplierPreInvoiceSPI00497161.pdf,"FR-95700 ROISSY CDG
A",FR-60300 SENLIS
2024-08-01,PARTRP000117808,"740,00","170,00",SupplierPreInvoiceSPI00497161.pdf,"FR-77165 ST SOUPPLETS
A",FR-92230 GENNEVILLIERS
2024-08-01,PARTRP000118165,"306,76","246,10",SupplierPreInvoiceSPI00497161.pdf,"FR-95500 BONNEUIL EN
A",FR-77310 PRINGY
2024-08-01,PARTRP000118167,"136,10","235,40",SupplierPreInvoiceSPI00497161.pdf,"FR-95500 BONNEUIL EN
A",FR-78200 BUCHELAY
2024-08-02,PARTRP000117691,"19264,90","250,00",SupplierPreInvoiceSPI00497161.pdf,"FR-77165 ST SOUPPLETS
A",FR-94400 VITRY SUR
2024-08-05,PARTRP000114519,"1900,00","180,00",SupplierPreInvoiceSPI00497161.pdf,"FR-78180 MONTIGNY LE
A",FR-77550 MOISSY
2024-08-05,PARTRP000118099,"4750,42","860,00",SupplierPreInvoiceSPI00497161.pdf,"FR-60490 RESSONS SUR
A",FR-60300 SENLIS
2024-08-05,PARTRP000118095,"12515,57","350,00",SupplierPreInvoiceSPI00497161.pdf,"FR-60490 RESSONS SUR
A",FR-60300 SENLIS
2024-08-05,PARTRP000118306,"625,73","235,40",SupplierPreInvoiceSPI00497161.pdf,"FR-95500 BONNEUIL EN
A",FR-95310 ST OUEN
2024-08-06,PARTRP000118371,"245,85","246,10",SupplierPreInvoiceSPI00497161.pdf,"FR-95500 BONNEUIL EN
A",FR-77320 LA CHAPELLE
2024-08-07,PARTRP000118370,"2240,43","350,00",SupplierPreInvoiceSPI00497161.pdf,"FR-95700 ROISSY CDG
A",FR-77550 REAU
2024-08-07,PARTRP000118406,"1000,00","350,00",SupplierPreInvoiceSPI00497161.pdf,"FR-77470 POINCY
A",FR-80200 PÉRONNE
2024-08-07,PARTRP000118441,"334,31","235,40",SupplierPreInvoiceSPI00497161.pdf,"FR-95500 BONNEUIL EN
A",FR-78530 BUC
2024-08-08,PARTRP000118452,"12979,34","350,00",SupplierPreInvoiceSPI00497161.pdf,"FR-60490 RESSONS SUR
A",FR-60300 SENLIS
2024-08-08,PARTRP000118516,"108,56","246,10",SupplierPreInvoiceSPI00497161.pdf,"FR-95500 BONNEUIL EN
A",FR-77690 MONTIGNY SUR
2024-08-09,PARTRP000118570,"472,80","256,80",SupplierPreInvoiceSPI00497161.pdf,"FR-95500 BONNEUIL EN
A",FR-78440 GARGENVILLE
2024-08-12,PARTRP000118613,"882,38","246,10",SupplierPreInvoiceSPI00497161.pdf,"FR-95500 BONNEUIL EN
A",FR-78130 LES MUREAUX
2024-08-13,PARTRP000118485,"4586,66","200,00",SupplierPreInvoiceSPI00497161.pdf,"FR-77165 ST SOUPPLETS
A",FR-78200 BUCHELAY
2024-08-13,PARTRP000118486,"12067,32","280,00",SupplierPreInvoiceSPI00497161.pdf,"FR-77165 ST SOUPPLETS
A",FR-94200 IVRY SUR SEINE
2024-08-13,PARTRP000118487,"11866,00","200,00",SupplierPreInvoiceSPI00497161.pdf,"FR-77165 ST SOUPPLETS
A",FR-95140 GARGES LÈS
2024-08-13,PARTRP000118659,"384,47","16,80",SupplierPreInvoiceSPI00497161.pdf,"FR-95500 BONNEUIL EN
A",FR-78490 BAZOCHES SUR
2023-07-25,LILTRP000109393,"4429,50","0,00",SupplierPreInvoiceSPI00504120.pdf,"FR-60126 LONGUEIL STE
A",FR-77550 MOISSY-
2024-01-17,PARTRP000102463,"1650,83","0,00",SupplierPreInvoiceSPI00504121.pdf,"FR-77170 BRIE COMTE
A",FR-51100 CHALONS EN
2024-08-16,LILTRP000130471,"7576,96","320,00",SupplierPreInvoiceSPI00506634.pdf,"FR-60126 LONGUEIL STE
A",FR-77176 SAVIGNY LE
2024-08-21,LILTRP000130504,"4751,04","270,00",SupplierPreInvoiceSPI00506634.pdf,"FR-60126 LONGUEIL STE
A",FR-77550 MOISSY
2024-08-21,LILTRP000130613,"3231,94","250,00",SupplierPreInvoiceSPI00506634.pdf,"FR-60126 LONGUEIL STE
A",FR-95820 BRUYÈRES SUR
2024-08-28,LILTRP000130886,"7026,44","270,00",SupplierPreInvoiceSPI00506634.pdf,"FR-60126 LONGUEIL STE
A",FR-77550 MOISSY-
2024-08-29,LILTRP000130973,"6629,53","320,00",SupplierPreInvoiceSPI00506634.pdf,"FR-60126 LONGUEIL STE
A",FR-60490 RESSONS-SUR-
2024-08-13,PARTRP000118659,"384,47","240,00",SupplierPreInvoiceSPI00506635.pdf,"FR-95500 BONNEUIL EN
A",FR-78490 BAZOCHES SUR
2024-08-14,PARTRP000118693,"6050,41","374,50",SupplierPreInvoiceSPI00506635.pdf,"FR-77170 BRIE COMTE
A",FR-02400 CHÂTEAU
2024-08-19,PARTRP000118895,"573,75","246,10",SupplierPreInvoiceSPI00506635.pdf,"FR-95500 BONNEUIL EN
A",FR-77310 ST FARGEAU
2024-08-19,PARTRP000118898,"339,08","235,40",SupplierPreInvoiceSPI00506635.pdf,"FR-95500 BONNEUIL EN
A",FR-78980 LONGNES
2024-08-20,PARTRP000119039,"598,83","278,20",SupplierPreInvoiceSPI00506635.pdf,"FR-95500 BONNEUIL EN
A",FR-93300 AUBERVILLIERS
2024-08-21,PARTRP000119095,"5416,00","374,50",SupplierPreInvoiceSPI00506635.pdf,"FR-77170 BRIE COMTE
A",FR-02200 SOISSONS
2024-08-21,PARTRP000119243,"786,96","288,90",SupplierPreInvoiceSPI00506635.pdf,"FR-95500 BONNEUIL EN
A",FR-78570 CHANTELOUP
2024-08-22,PARTRP000119316,"180,33","246,10",SupplierPreInvoiceSPI00506635.pdf,"FR-95500 BONNEUIL EN
A",FR-77870 VULAINES SUR
2024-08-23,PARTRP000118900,"11050,96","350,00",SupplierPreInvoiceSPI00506635.pdf,"FR-60490 RESSONS SUR
A",FR-60300 SENLIS
2024-08-23,PARTRP000119506,"343,17","235,40",SupplierPreInvoiceSPI00506635.pdf,"FR-95500 BONNEUIL EN
A",FR-95330 DOMONT
2024-08-23,PARTRP000119507,"595,11","235,40",SupplierPreInvoiceSPI00506635.pdf,"FR-95500 BONNEUIL EN
A",FR-91370 VERRIERES LE
2024-08-26,PARTRP000119665,"614,61","288,90",SupplierPreInvoiceSPI00506635.pdf,"FR-95500 BONNEUIL EN
A",FR-78200 BUCHELAY
2024-08-26,PARTRP000119664,"303,95","288,90",SupplierPreInvoiceSPI00506635.pdf,"FR-95500 BONNEUIL EN
A",FR-77870 VULAINES SUR
2024-08-27,PARTRP000119884,"390,31","246,10",SupplierPreInvoiceSPI00506635.pdf,"FR-95500 BONNEUIL EN
A",FR-77130 MONTEREAU
2024-08-27,PARTRP000119886,"560,93","246,10",SupplierPreInvoiceSPI00506635.pdf,"FR-95500 BONNEUIL EN
A",FR-78830 BONNELLES
2024-08-28,PARTRP000120151,"381,66","235,40",SupplierPreInvoiceSPI00506635.pdf,"FR-95500 BONNEUIL EN
A",FR-78860 ST NOM LA
2024-08-28,PARTRP000120152,"334,54","235,40",SupplierPreInvoiceSPI00506635.pdf,"FR-95500 BONNEUIL EN
A",FR-77310 PRINGY
2024-08-30,LILTRP000131031,"13275,08","320,00",SupplierPreInvoiceSPI00509364.pdf,"FR-60126 LONGUEIL STE
A",FR-75380 CHILLY-
2024-09-02,LILTRP000131115,"4039,00","320,00",SupplierPreInvoiceSPI00509364.pdf,"FR-60126 LONGUEIL STE
A",FR-93600 AULNAYS
2024-09-04,LILTRP000131162,"4482,26","270,00",SupplierPreInvoiceSPI00509364.pdf,"FR-60126 LONGUEIL STE
A",FR-77550 MOISSY
2024-09-05,LILTRP000131265,"5371,12","270,00",SupplierPreInvoiceSPI00509364.pdf,"FR-60126 LONGUEIL STE
A",FR-60280 VENETTE
2024-09-05,LILTRP000131235,"6335,27","270,00",SupplierPreInvoiceSPI00509364.pdf,"FR-60126 LONGUEIL STE
A",FR-93600 AULNAY SOUS
2024-09-05,LILTRP000131438,"6727,10","320,00",SupplierPreInvoiceSPI00509364.pdf,"FR-60126 LONGUEIL STE
A",FR-60490 RESSONS-SUR-
2024-09-05,LILTRP000131439,"10134,34","320,00",SupplierPreInvoiceSPI00509364.pdf,"FR-60126 LONGUEIL STE
A",FR-75380 CHILLY-
2024-09-06,LILTRP000131356,"8602,13","270,00",SupplierPreInvoiceSPI00509364.pdf,"FR-60126 LONGUEIL STE
A",FR-77220 PRESLES EN
2024-09-10,LILTRP000131543,"5148,72","270,00",SupplierPreInvoiceSPI00509364.pdf,"FR-60126 LONGUEIL STE
A",FR-77550 MOISSY
2024-09-11,LILTRP000131641,"4867,14","320,00",SupplierPreInvoiceSPI00509364.pdf,"FR-60126 LONGUEIL STE
A",FR-91320 WISSOUS
2024-09-11,LILTRP000131877,"9944,03","320,00",SupplierPreInvoiceSPI00509364.pdf,"FR-60126 LONGUEIL STE
A",FR-77176 SAVIGNY LE
2024-09-12,LILTRP000131855,"2496,14","270,00",SupplierPreInvoiceSPI00509364.pdf,"FR-60126 LONGUEIL STE
A",FR-91140 VILLEBON-SUR-
2024-09-12,LILTRP000131795,"7916,94","320,00",SupplierPreInvoiceSPI00509364.pdf,"FR-60126 LONGUEIL STE
A",
2024-08-13,PARTRP000118487,"11866,00","-10,00",SupplierPreInvoiceSPI00509365.pdf,"FR-77165 ST SOUPPLETS
A",FR-95140 GARGES LÈS
2024-08-29,PARTRP000120247,"322,41","235,40",SupplierPreInvoiceSPI00509365.pdf,"FR-95500 BONNEUIL EN
A",FR-91120 PALAISEAU
2024-08-29,PARTRP000120249,"193,55","235,40",SupplierPreInvoiceSPI00509365.pdf,"FR-95500 BONNEUIL EN
A",FR-78440 GARGENVILLE
2024-08-30,PARTRP000119707,"9878,85","350,00",SupplierPreInvoiceSPI00509365.pdf,"FR-60490 RESSONS SUR
A",FR-60300 SENLIS
2024-08-30,PARTRP000120569,"525,04","278,20",SupplierPreInvoiceSPI00509365.pdf,"FR-95500 BONNEUIL EN
A",FR-77510 SABLONNIERES
2024-08-30,PARTRP000120570,"832,86","256,80",SupplierPreInvoiceSPI00509365.pdf,"FR-95500 BONNEUIL EN
A",FR-78270 BLARU
2024-09-02,PARTRP000120675,"468,92","203,30",SupplierPreInvoiceSPI00509365.pdf,"FR-95500 BONNEUIL EN
A",FR-94700 MAISON
2024-09-02,PARTRP000120676,"182,46","224,70",SupplierPreInvoiceSPI00509365.pdf,"FR-95500 BONNEUIL EN
A",FR-92420 VAUCRESSON
2024-09-03,PARTRP000120829,"685,94","267,50",SupplierPreInvoiceSPI00509365.pdf,"FR-95500 BONNEUIL EN
A",FR-91590 LA FERTE ALAIS
2024-09-03,PARTRP000120833,"359,07","246,10",SupplierPreInvoiceSPI00509365.pdf,"FR-95500 BONNEUIL EN
A",FR-93160 NOISY LE
2024-09-04,PARTRP000121051,"663,40","321,00",SupplierPreInvoiceSPI00509365.pdf,"FR-95500 BONNEUIL EN
A",FR-77140 NEMOURS
2024-09-04,PARTRP000121052,"105,60","224,70",SupplierPreInvoiceSPI00509365.pdf,"FR-95500 BONNEUIL EN
A",FR-78200 BUCHELAY
2024-09-04,PARTRP000120920,"8000,00","554,50",SupplierPreInvoiceSPI00509365.pdf,"FR-77170 BRIE COMTE
A",FR-02200 SOISSONS
2024-09-05,PARTRP000121215,"982,11","342,40",SupplierPreInvoiceSPI00509365.pdf,"FR-95500 BONNEUIL EN
A",FR-77140 NEMOURS
2024-09-05,PARTRP000121218,"492,14","246,10",SupplierPreInvoiceSPI00509365.pdf,"FR-95500 BONNEUIL EN
A",FR-78700 CONFLANS STE
2024-09-06,PARTRP000121450,"999,28","342,40",SupplierPreInvoiceSPI00509365.pdf,"FR-95500 BONNEUIL EN
A",FR-91120 PALAISEAU
2024-09-06,PARTRP000121451,"764,53","235,40",SupplierPreInvoiceSPI00509365.pdf,"FR-95500 BONNEUIL EN
A",FR-78111 DAMMARTIN EN
2024-09-09,PARTRP000121050,"6223,69","180,00",SupplierPreInvoiceSPI00509365.pdf,"FR-77185 LOGNES
A",FR-77700 SERRIS
2024-09-09,PARTRP000120678,"8135,30","350,00",SupplierPreInvoiceSPI00509365.pdf,"FR-60490 RESSONS SUR
A",FR-60300 SENLIS
2024-09-09,PARTRP000120888,"10246,00","200,00",SupplierPreInvoiceSPI00509365.pdf,"FR-77220 GRETZ-
A",FR-77550 MOISSY-
2024-09-09,PARTRP000121608,"1398,69","374,50",SupplierPreInvoiceSPI00509365.pdf,"FR-95500 BONNEUIL EN
A",FR-94214 LA VARENNE ST
2024-09-09,PARTRP000121609,"290,57","256,80",SupplierPreInvoiceSPI00509365.pdf,"FR-95500 BONNEUIL EN
A",FR-77780 BOURRON
2024-09-10,PARTRP000121068,"6180,00","210,00",SupplierPreInvoiceSPI00509365.pdf,"FR-60800 CREPY EN
A",FR-78520 LIMAY
2024-09-10,PARTRP000121069,"9600,00","190,00",SupplierPreInvoiceSPI00509365.pdf,"FR-60800 CREPY EN
A",FR-93380 PIERREFITTE
2024-09-10,PARTRP000121731,"748,97","267,50",SupplierPreInvoiceSPI00509365.pdf,"FR-95500 BONNEUIL EN
A",FR-77240 SEINE PORT
2024-09-10,PARTRP000121733,"427,48","246,10",SupplierPreInvoiceSPI00509365.pdf,"FR-95500 BONNEUIL EN
A",FR-95320 ST LEU LA
2024-09-11,PARTRP000121982,"825,93","267,50",SupplierPreInvoiceSPI00509365.pdf,"FR-95500 BONNEUIL EN
A",FR-77140 NEMOURS
2024-09-11,PARTRP000121983,"250,58","235,40",SupplierPreInvoiceSPI00509365.pdf,"FR-95500 BONNEUIL EN
A",FR-77400 ST THIBAULT
2024-09-12,PARTRP000121949,"1433,00","350,00",SupplierPreInvoiceSPI00509365.pdf,"FR-95310 ST OUEN
A",FR-80470 ST SAUVEUR
2024-09-12,PARTRP000122103,"523,06","246,10",SupplierPreInvoiceSPI00509365.pdf,"FR-95500 BONNEUIL EN
A",FR-95310 ST OUEN
2024-09-12,PARTRP000122107,"98,86","235,40",SupplierPreInvoiceSPI00509365.pdf,"FR-95500 BONNEUIL EN
A",FR-91120 PALAISEAU
2024-09-13,LILTRP000131863,"4667,63","320,00",SupplierPreInvoiceSPI00512501.pdf,"FR-60126 LONGUEIL STE
A",FR-77550 MOISSY-
2024-09-13,LILTRP000131919,"1413,30","250,00",SupplierPreInvoiceSPI00512501.pdf,"FR-60126 LONGUEIL STE
A",FR-78660 ABLIS
2024-09-13,LILTRP000131920,"4082,28","250,00",SupplierPreInvoiceSPI00512501.pdf,"FR-60126 LONGUEIL STE
A",
2024-09-18,LILTRP000132125,"8686,04","270,00",SupplierPreInvoiceSPI00512501.pdf,"FR-60126 LONGUEIL STE
A",FR-77700 SERRIS
2024-09-18,LILTRP000132111,"9257,66","270,00",SupplierPreInvoiceSPI00512501.pdf,"FR-60126 LONGUEIL STE
A",FR-77550 MOISSY-
2024-09-19,LILTRP000132021,"9147,84","270,00",SupplierPreInvoiceSPI00512501.pdf,"FR-60126 LONGUEIL STE
A",FR-77550 MOISSY
2024-09-19,LILTRP000132213,"5937,74","320,00",SupplierPreInvoiceSPI00512501.pdf,"FR-60126 LONGUEIL STE
A",
2024-09-19,LILTRP000132216,"8278,61","270,00",SupplierPreInvoiceSPI00512501.pdf,"FR-60126 LONGUEIL STE
A",FR-77700 SERRIS
2024-09-23,LILTRP000132327,"8611,36","320,00",SupplierPreInvoiceSPI00512501.pdf,"FR-60126 LONGUEIL STE
A",FR-77550 MOISSY-
2024-09-23,LILTRP000132240,"6651,37","270,00",SupplierPreInvoiceSPI00512501.pdf,"FR-60126 LONGUEIL STE
A",FR-60300 SENLIS
2024-09-25,LILTRP000132406,"9495,60","270,00",SupplierPreInvoiceSPI00512501.pdf,"FR-60126 LONGUEIL STE
A",FR-77550 MOISSY
2024-09-26,LILTRP000132604,"8925,50","270,00",SupplierPreInvoiceSPI00512501.pdf,"FR-60126 LONGUEIL STE
A",FR-77176 SAVIGNY LE
2024-09-13,PARTRP000122304,"1558,66","374,50",SupplierPreInvoiceSPI00512502.pdf,"FR-95500 BONNEUIL EN
A",FR-78200 BUCHELAY
2024-09-13,PARTRP000122309,"447,59","246,10",SupplierPreInvoiceSPI00512502.pdf,"FR-95500 BONNEUIL EN
A",FR-77320 LESCHEROLLES
2024-09-16,PARTRP000122280,"1079,28","160,00",SupplierPreInvoiceSPI00512502.pdf,"FR-91090 LISSES
A",FR-95670 MARLY
2024-09-16,PARTRP000122428,"631,35","246,10",SupplierPreInvoiceSPI00512502.pdf,"FR-95500 BONNEUIL EN
A",FR-77190 DAMMARIE LES
2024-09-16,PARTRP000122431,"565,18","235,40",SupplierPreInvoiceSPI00512502.pdf,"FR-95500 BONNEUIL EN
A",FR-91220 BRETIGNY SUR
2024-09-17,PARTRP000122692,"596,95","246,10",SupplierPreInvoiceSPI00512502.pdf,"FR-95500 BONNEUIL EN
A",FR-77140 NEMOURS
2024-09-17,PARTRP000122694,"192,05","235,10",SupplierPreInvoiceSPI00512502.pdf,"FR-95500 BONNEUIL EN
A",FR-78300 POISSY
2024-09-18,PARTRP000122683,"855,00","170,00",SupplierPreInvoiceSPI00512502.pdf,"FR-95310 ST OUEN
A",FR-95670 MARLY
2024-09-18,PARTRP000122632,"2350,00","180,00",SupplierPreInvoiceSPI00512502.pdf,"FR-77185 LOGNES
A",FR-95520 OSNY
2024-09-18,PARTRP000122378,"1155,00","300,00",SupplierPreInvoiceSPI00512502.pdf,"FR-95310 ST OUEN
A",FR-80470 ST SAUVEUR
2024-09-18,PARTRP000122129,"7114,73","350,00",SupplierPreInvoiceSPI00512502.pdf,"FR-60490 RESSONS SUR
A",FR-60300 SENLIS
2024-09-18,PARTRP000122936,"1319,80","363,80",SupplierPreInvoiceSPI00512502.pdf,"FR-95500 BONNEUIL EN
A",FR-78200 BUCHELAY
2024-09-18,PARTRP000122937,"395,97","224,70",SupplierPreInvoiceSPI00512502.pdf,"FR-95500 BONNEUIL EN
A",FR-78390 BOIS D ARCY
2024-09-18,PARTRP000122711,"8125,00","374,50",SupplierPreInvoiceSPI00512502.pdf,"FR-77170 BRIE COMTE
A",FR-60170 RIBECOURT
2024-09-19,PARTRP000122838,"319,97","180,00",SupplierPreInvoiceSPI00512502.pdf,"FR-95470 SURVILLIERS
A",FR-77550 REAU
2024-09-19,PARTRP000122381,"909,91","300,00",SupplierPreInvoiceSPI00512502.pdf,"FR-95310 ST OUEN
A",FR-80470 ST SAUVEUR
2024-09-19,PARTRP000123148,"333,99","224,70",SupplierPreInvoiceSPI00512502.pdf,"FR-95500 BONNEUIL EN
A",FR-91800 BRUNOY
2024-09-19,PARTRP000123149,"375,71","214,00",SupplierPreInvoiceSPI00512502.pdf,"FR-95500 BONNEUIL EN
A",FR-92200 NEUILLY SUR
2024-09-20,PARTRP000122888,"6342,88","120,00",SupplierPreInvoiceSPI00512502.pdf,"FR-77220 GRETZ-
A",FR-95640 MARINES
2024-09-20,PARTRP000122560,"108,00","300,00",SupplierPreInvoiceSPI00512502.pdf,"FR-95310 SAINT OUEN
A",FR-60300 SENLIS
2024-09-20,PARTRP000123348,"466,33","235,40",SupplierPreInvoiceSPI00512502.pdf,"FR-95500 BONNEUIL EN
A",FR-78200 BUCHELAY
2024-09-20,PARTRP000123349,"199,81","224,70",SupplierPreInvoiceSPI00512502.pdf,"FR-95500 BONNEUIL EN
A",FR-94210 LA VARENNE ST
2024-09-23,PARTRP000123130,"6400,00","100,00",SupplierPreInvoiceSPI00512502.pdf,"FR-60800 CREPY EN
A",FR-78520 LIMAY
2024-09-23,PARTRP000122573,"136,95","330,00",SupplierPreInvoiceSPI00512502.pdf,"FR-95310 SAINT OUEN
A",FR-60300 SENLIS
2024-09-23,PARTRP000123276,"125,00","170,00",SupplierPreInvoiceSPI00512502.pdf,"FR-92270 BOIS
A",FR-95610 ÉRAGNY SUR
2024-09-23,PARTRP000123424,"548,27","342,40",SupplierPreInvoiceSPI00512502.pdf,"FR-95500 BONNEUIL EN
A",FR-78310 COIGNIERES
2024-09-23,PARTRP000123426,"193,19","224,70",SupplierPreInvoiceSPI00512502.pdf,"FR-95500 BONNEUIL EN
A",FR-77310 PRINGY
2024-09-24,PARTRP000123590,"172,12","235,40",SupplierPreInvoiceSPI00512502.pdf,"FR-95500 BONNEUIL EN
A",FR-78580 MAULE
2024-09-24,PARTRP000123593,"843,67","246,10",SupplierPreInvoiceSPI00512502.pdf,"FR-95500 BONNEUIL EN
A",FR-78711 MANTES LA
2024-09-25,PARTRP000123326,"4920,00","400,00",SupplierPreInvoiceSPI00512502.pdf,"FR-94200 IVRY SUR SEINE
A",FR-60300 SENLIS
2024-09-25,PARTRP000123330,"5000,00","300,00",SupplierPreInvoiceSPI00512502.pdf,"FR-94200 IVRY SUR SEINE
A",FR-60300 SENLIS
2024-09-25,PARTRP000123808,"317,19","267,50",SupplierPreInvoiceSPI00512502.pdf,"FR-95500 BONNEUIL EN
A",FR-77720 AUBEPIERRE
2024-09-25,PARTRP000123814,"93,20","214,00",SupplierPreInvoiceSPI00512502.pdf,"FR-95500 BONNEUIL EN
A",FR-95320 ST LEU LA
2024-09-25,PARTRP000123724,"12082,00","374,50",SupplierPreInvoiceSPI00512502.pdf,"FR-77170 BRIE COMTE
A",FR-02200 SOISSONS
2024-09-26,PARTRP000123337,"2801,04","300,00",SupplierPreInvoiceSPI00512502.pdf,"FR-95310 ST OUEN
A",FR-60300 SENLIS
2024-09-26,PARTRP000124004,"1418,86","342,40",SupplierPreInvoiceSPI00512502.pdf,"FR-95500 BONNEUIL EN
A",FR-91210 DRAVEIL
2024-09-26,PARTRP000124010,"461,58","256,80",SupplierPreInvoiceSPI00512502.pdf,"FR-95500 BONNEUIL EN
A",FR-91590 BAULNE
2024-09-27,PARTRP000124174,"277,03","235,40",SupplierPreInvoiceSPI00512502.pdf,"FR-95500 BONNEUIL EN
A",FR-92140 CLAMART
2024-09-27,PARTRP000124178,"638,26","267,50",SupplierPreInvoiceSPI00512502.pdf,"FR-95500 BONNEUIL EN
A",FR-78610 AUFFARGIS
2024-09-30,PARTRP000124433,"629,70","14,00",SupplierPreInvoiceSPI00512502.pdf,"FR-95500 BONNEUIL EN
A",FR-92270 BOIS
2024-09-19,LILTRP000132021,"9147,84","-270,00",SupplierPreInvoiceSPI00515548.pdf,"FR-60126 LONGUEIL STE
A",FR-77550 MOISSY
2024-09-30,PARTRP000123847,"3300,00","300,00",SupplierPreInvoiceSPI00515549.pdf,"FR-94200 IVRY SUR SEINE
A",FR-60300 SENLIS
2024-09-30,PARTRP000123666,"11372,00","350,00",SupplierPreInvoiceSPI00515549.pdf,"FR-60500 RESSONS SUR
A",FR-60300 SENLIS
2024-09-30,PARTRP000124432,"706,41","267,50",SupplierPreInvoiceSPI00515549.pdf,"FR-95500 BONNEUIL EN
A",FR-77930 ST SAUVEUR
2024-09-30,PARTRP000124433,"629,70","200,00",SupplierPreInvoiceSPI00515549.pdf,"FR-95500 BONNEUIL EN
A",FR-92270 BOIS
2024-09-30,PARTRP000124434,"567,77","214,00",SupplierPreInvoiceSPI00515549.pdf,"FR-95500 BONNEUIL EN
A",FR-91620 NOZAY
2024-10-01,PARTRP000123858,"3800,00","250,00",SupplierPreInvoiceSPI00515549.pdf,"FR-95670 MARLY LA VILLE
A",FR-60300 SENLIS
2024-10-01,PARTRP000124591,"782,80","256,80",SupplierPreInvoiceSPI00515549.pdf,"FR-95500 BONNEUIL EN
A",FR-95510 VETHEUIL
2024-10-01,PARTRP000124592,"759,50","214,00",SupplierPreInvoiceSPI00515549.pdf,"FR-95500 BONNEUIL EN
A",FR-78830 BONNELLES
2024-10-01,PARTRP000124597,"295,30","214,00",SupplierPreInvoiceSPI00515549.pdf,"FR-95500 BONNEUIL EN
A",FR-77240 SEINE PORT
2024-10-02,PARTRP000124798,"694,58","203,30",SupplierPreInvoiceSPI00515549.pdf,"FR-95500 BONNEUIL EN
A",FR-78200 BUCHELAY
2024-10-02,PARTRP000124799,"757,13","256,80",SupplierPreInvoiceSPI00515549.pdf,"FR-95500 BONNEUIL EN
A",FR-91620 NOZAY
2024-10-02,PARTRP000124586,"4817,00","374,50",SupplierPreInvoiceSPI00515549.pdf,"FR-77170 BRIE COMTE
A",FR-02200 SOISSONS
2024-10-03,PARTRP000124967,"431,02","192,60",SupplierPreInvoiceSPI00515549.pdf,"FR-95500 BONNEUIL EN
A",FR-95800 CERGY
2024-10-03,PARTRP000124971,"381,80","192,60",SupplierPreInvoiceSPI00515549.pdf,"FR-95500 BONNEUIL EN
A",FR-91620 NOZAY
2024-10-04,PARTRP000125157,"481,36","235,40",SupplierPreInvoiceSPI00515549.pdf,"FR-95500 BONNEUIL EN
A",FR-92270 BOIS
2024-10-04,PARTRP000125158,"589,44","160,50",SupplierPreInvoiceSPI00515549.pdf,"FR-95500 BONNEUIL EN
A",FR-78000 VERSAILLES
2024-10-04,PARTRP000125159,"513,57","181,90",SupplierPreInvoiceSPI00515549.pdf,"FR-95500 BONNEUIL EN
A",FR-94370 SUCY EN BRIE
2024-10-07,PARTRP000124346,"2200,00","300,00",SupplierPreInvoiceSPI00515549.pdf,"FR-94200 IVRY SUR SEINE
A",FR-60300 SENLIS
2024-10-07,PARTRP000125320,"768,84","203,30",SupplierPreInvoiceSPI00515549.pdf,"FR-95500 BONNEUIL EN
A",FR-77780 BOURRON
2024-10-07,PARTRP000125323,"540,84","192,60",SupplierPreInvoiceSPI00515549.pdf,"FR-95500 BONNEUIL EN
A",FR-91720 MAISSE
2024-10-08,PARTRP000125258,"881,04","170,00",SupplierPreInvoiceSPI00515549.pdf,"FR-95650 PUISEUX
A",FR-95670 MARLY
2024-10-08,PARTRP000125507,"347,36","160,50",SupplierPreInvoiceSPI00515549.pdf,"FR-95500 BONNEUIL EN
A",FR-95240 CORMEILLES
2024-10-08,PARTRP000125509,"201,13","160,50",SupplierPreInvoiceSPI00515549.pdf,"FR-95500 BONNEUIL EN
A",FR-93140 BONDY
2024-10-09,PARTRP000125147,"331,04","180,00",SupplierPreInvoiceSPI00515549.pdf,"FR-95310 ST OUEN
A",FR-80470 ST SAUVEUR
2024-10-09,PARTRP000125683,"314,24","214,00",SupplierPreInvoiceSPI00515549.pdf,"FR-95500 BONNEUIL EN
A",FR-77450 REAU
2024-10-09,PARTRP000125684,"202,58","160,50",SupplierPreInvoiceSPI00515549.pdf,"FR-95500 BONNEUIL EN
A",FR-93460 GOURNAY SUR
2024-10-10,PARTRP000125459,"5385,00","300,00",SupplierPreInvoiceSPI00515549.pdf,"FR-94200 IVRY SUR SEINE
A",FR-60300 SENLIS
2024-10-11,PARTRP000125917,"415,37","181,90",SupplierPreInvoiceSPI00515549.pdf,"FR-95500 BONNEUIL EN
A",FR-94310 ORLY
2024-10-11,PARTRP000125918,"252,37","192,60",SupplierPreInvoiceSPI00515549.pdf,"FR-95500 BONNEUIL EN
A",FR-91220 BRETIGNY SUR
2024-10-11,PARTRP000126070,"777,89","235,40",SupplierPreInvoiceSPI00515549.pdf,"FR-95500 BONNEUIL EN
A",FR-92500 RUEIL
2024-10-11,PARTRP000126071,"470,11","192,60",SupplierPreInvoiceSPI00515549.pdf,"FR-95500 BONNEUIL EN
A",FR-91480 VARENNES
2024-10-29,LILTRP000134720,"7037,55","400,00",SupplierPreInvoiceSPI00518876.pdf,"FR-60126 LONGUEIL STE
A",FR-95820 BRUYÈRES SUR
2024-10-15,PARTRP000126050,"944,01","170,00",SupplierPreInvoiceSPI00518877.pdf,"FR-95650 PUISEUX
A",FR-95670 MARLY
2024-10-15,PARTRP000126411,"242,93","160,50",SupplierPreInvoiceSPI00518877.pdf,"FR-95500 BONNEUIL EN
A",FR-78800 HOUILLES
2024-10-15,PARTRP000126412,"249,04","181,90",SupplierPreInvoiceSPI00518877.pdf,"FR-95500 BONNEUIL EN
A",FR-78711 MANTES LA
2024-10-15,PARTRP000126413,"889,99","192,60",SupplierPreInvoiceSPI00518877.pdf,"FR-95500 BONNEUIL EN
A",FR-92500 RUEIL
2024-10-16,PARTRP000126369,"3906,60","220,00",SupplierPreInvoiceSPI00518877.pdf,"FR-77185 LOGNES
A",FR-93400 ST OUEN
2024-10-16,PARTRP000125880,"4930,00","300,00",SupplierPreInvoiceSPI00518877.pdf,"FR-94200 IVRY SUR SEINE
A",FR-60300 SENLIS
2024-10-16,PARTRP000126614,"222,56","214,00",SupplierPreInvoiceSPI00518877.pdf,"FR-95500 BONNEUIL EN
A",FR-78200 BUCHELAY
2024-10-16,PARTRP000126615,"86,92","214,00",SupplierPreInvoiceSPI00518877.pdf,"FR-95500 BONNEUIL EN
A",FR-91800 BRUNOY
2024-10-16,PARTRP000126562,"7922,00","404,50",SupplierPreInvoiceSPI00518877.pdf,"FR-77170 BRIE COMTE
A",FR-02400 CHÂTEAU
2024-10-17,PARTRP000126814,"73,40","214,00",SupplierPreInvoiceSPI00518877.pdf,"FR-95500 BONNEUIL EN
A",FR-91160 CHAMPLAN
2024-10-17,PARTRP000126815,"616,19","203,30",SupplierPreInvoiceSPI00518877.pdf,"FR-95500 BONNEUIL EN
A",FR-77190 DAMMARIE LES
2024-10-17,PARTRP000126533,"1200,00","150,00",SupplierPreInvoiceSPI00518877.pdf,"FR-94200 IVRY SUR SEINE
A",FR-77185 LOGNES
2024-10-18,PARTRP000126220,"1133,02","250,00",SupplierPreInvoiceSPI00518877.pdf,"FR-77127 LIEUSAINT
A",FR-80470 ST SAUVEUR
2024-10-18,PARTRP000127016,"375,77","171,20",SupplierPreInvoiceSPI00518877.pdf,"FR-95500 BONNEUIL EN
A",FR-77120 MOUROUX
2024-10-18,PARTRP000127017,"684,88","246,10",SupplierPreInvoiceSPI00518877.pdf,"FR-95500 BONNEUIL EN
A",FR-78125 MITTAINVILLE
2024-10-28,PARTRP000128179,"281,79","246,10",SupplierPreInvoiceSPI00518877.pdf,"FR-95500 BONNEUIL EN
A",FR-78200 BUCHELAY
2024-10-28,PARTRP000128180,"47,78","203,30",SupplierPreInvoiceSPI00518877.pdf,"FR-95500 BONNEUIL EN
A",FR-77510 SABLONNIERES
2024-10-29,PARTRP000128029,"955,08","530,00",SupplierPreInvoiceSPI00518877.pdf,"FR-95310 ST OUEN
A",FR-80470 ST SAUVEUR
2024-10-29,PARTRP000128296,"450,93","321,00",SupplierPreInvoiceSPI00518877.pdf,"FR-95500 BONNEUIL EN
A",FR-78630 ORGEVAL
2024-10-29,PARTRP000128298,"586,75","227,70",SupplierPreInvoiceSPI00518877.pdf,"FR-95500 BONNEUIL EN
A",FR-91640 BRIIS SOUS
2024-10-30,PARTRP000128027,"4098,00","200,00",SupplierPreInvoiceSPI00518877.pdf,"FR-95310 SAINT OUEN
A",FR-45770 SARAN
2024-10-30,PARTRP000128500,"298,51","224,70",SupplierPreInvoiceSPI00518877.pdf,"FR-95500 BONNEUIL EN
A",FR-77580 MAISONCELLES
2024-10-30,PARTRP000128504,"478,76","224,70",SupplierPreInvoiceSPI00518877.pdf,"FR-95500 BONNEUIL EN
A",FR-92420 VAUCRESSON
2024-10-30,PARTRP000127632,"11272,41","350,00",SupplierPreInvoiceSPI00518877.pdf,"FR-60490 RESSONS-SUR-
A",FR-60300 SENLIS
2023-11-16,LILTRP000115832,"1243,27","250,00",SupplierPreInvoiceSPI00521892.pdf,"FR-60126 LONGUEIL STE
A",FR-91140 VILLEBON-SUR-
2024-09-26,LILTRP000132604,"8925,50","0,00",SupplierPreInvoiceSPI00521893.pdf,"FR-60126 LONGUEIL STE
A",FR-77176 SAVIGNY LE
2024-11-14,LILTRP000135716,"2928,44","270,00",SupplierPreInvoiceSPI00521893.pdf,"FR-60126 LONGUEIL STE
A",FR-91140 VILLEBON-SUR-
2023-12-04,PARTRP000100553,"856,75","250,00",SupplierPreInvoiceSPI00521894.pdf,"FR-95500 BONNEUIL EN
A",FR-93110 ROSNY SOUS
2023-12-12,PARTRP000100787,"1250,03","350,00",SupplierPreInvoiceSPI00521894.pdf,"FR-95470 SURVILLIERS
A",FR-77550 REAU
2023-12-15,PARTRP000101233,"501,45","240,00",SupplierPreInvoiceSPI00521895.pdf,"FR-95500 BONNEUIL EN
A",FR-93110 ROSNY SOUS
2023-12-28,PARTRP000101562,"104,12","120,00",SupplierPreInvoiceSPI00521895.pdf,"FR-95500 BONNEUIL EN
A",FR-93110 ROSNY SOUS
2024-01-04,PARTRP000101817,"806,83","240,00",SupplierPreInvoiceSPI00521896.pdf,"FR-95500 BONNEUIL EN
A",FR-78200 BUCHELAY
2024-01-09,PARTRP000102030,"496,31","240,00",SupplierPreInvoiceSPI00521896.pdf,"FR-95500 BONNEUIL EN
A",FR-93110 ROSNY SOUS
2024-10-31,PARTRP000128804,"625,80","214,00",SupplierPreInvoiceSPI00521897.pdf,"FR-95500 BONNEUIL EN
A",FR-78112 SAINT GERMAIN
2024-10-31,PARTRP000128805,"823,66","224,70",SupplierPreInvoiceSPI00521897.pdf,"FR-95500 BONNEUIL EN
A",FR-95190 GOUSSAINVILLE
2024-11-04,PARTRP000129000,"564,98","256,80",SupplierPreInvoiceSPI00521897.pdf,"FR-95500 BONNEUIL EN
A",FR-77380 COMBS LA
2024-11-04,PARTRP000129002,"526,91","256,80",SupplierPreInvoiceSPI00521897.pdf,"FR-95500 BONNEUIL EN
A",FR-78711 MANTES LA
2024-11-05,PARTRP000128506,"4200,00","300,00",SupplierPreInvoiceSPI00521897.pdf,"FR-94200 IVRY SUR SEINE
A",FR-60300 SENLIS
2024-11-05,PARTRP000128637,"730,00","150,00",SupplierPreInvoiceSPI00521897.pdf,"FR-94200 IVRY SUR SEINE
A",FR-77185 LOGNES
2024-11-05,PARTRP000129145,"804,98","224,70",SupplierPreInvoiceSPI00521897.pdf,"FR-95500 BONNEUIL EN
A",
2024-11-05,PARTRP000129146,"436,77","246,10",SupplierPreInvoiceSPI00521897.pdf,"FR-95500 BONNEUIL EN
A",FR-95800 CERGY
2024-11-06,PARTRP000128514,"3500,00","300,00",SupplierPreInvoiceSPI00521897.pdf,"FR-94200 IVRY SUR SEINE
A",FR-60300 SENLIS
2024-11-06,PARTRP000128830,"1472,00","250,00",SupplierPreInvoiceSPI00521897.pdf,"FR-95470 SURVILLIERS
A",FR-77550 REAU
2024-11-06,PARTRP000129368,"631,20","246,10",SupplierPreInvoiceSPI00521897.pdf,"FR-95500 BONNEUIL EN
A",FR-78830 BONNELLES
2024-11-06,PARTRP000129370,"288,21","214,00",SupplierPreInvoiceSPI00521897.pdf,"FR-95500 BONNEUIL EN
A",FR-94440 VILLECRESNES
2024-11-06,PARTRP000129243,"6767,00","374,50",SupplierPreInvoiceSPI00521897.pdf,"FR-77170 BRIE COMTE
A",FR-51300 VITRY LE
2024-11-07,PARTRP000128826,"960,07","250,00",SupplierPreInvoiceSPI00521897.pdf,"FR-60440 NANTEUIL LE
A",FR-77550 REAU
2024-11-07,PARTRP000129528,"324,48","224,70",SupplierPreInvoiceSPI00521897.pdf,"FR-95500 BONNEUIL EN
A",FR-95530 LA FRETTE SUR
2024-11-07,PARTRP000129532,"90,41","235,40",SupplierPreInvoiceSPI00521897.pdf,"FR-95500 BONNEUIL EN
A",FR-78980 LONGNES
2024-11-08,PARTRP000129837,"530,96","246,10",SupplierPreInvoiceSPI00521897.pdf,"FR-95500 BONNEUIL EN
A",FR-78830 BONNELLES
2024-11-08,PARTRP000129839,"700,08","246,10",SupplierPreInvoiceSPI00521897.pdf,"FR-95500 BONNEUIL EN
A",FR-94310 ORLY
2024-11-12,PARTRP000129183,"2330,00","300,00",SupplierPreInvoiceSPI00521897.pdf,"FR-94200 IVRY SUR SEINE
A",FR-60300 SENLIS
2024-11-12,PARTRP000129433,"2307,99","400,00",SupplierPreInvoiceSPI00521897.pdf,"FR-95700 ROISSY CDG
A",FR-77550 REAU
2024-11-12,PARTRP000129245,"4815,08","300,00",SupplierPreInvoiceSPI00521897.pdf,"FR-60490 RESSONS SUR
A",FR-60300 SENLIS
2024-11-12,PARTRP000129893,"261,36","235,40",SupplierPreInvoiceSPI00521897.pdf,"FR-95500 BONNEUIL EN
A",FR-77190 DAMMARIE LES
2024-11-12,PARTRP000129895,"320,38","246,10",SupplierPreInvoiceSPI00521897.pdf,"FR-95500 BONNEUIL EN
A",FR-78200 BUCHELAY
2024-11-13,PARTRP000129617,"1637,00","200,00",SupplierPreInvoiceSPI00521897.pdf,"FR-95670 MARLY
A",FR-77610 CHÂTRES
2024-11-13,PARTRP000130224,"724,95","246,10",SupplierPreInvoiceSPI00521897.pdf,"FR-95500 BONNEUIL EN
A",FR-92500 RUEIL
2024-11-13,PARTRP000130225,"433,68","235,40",SupplierPreInvoiceSPI00521897.pdf,"FR-95500 BONNEUIL EN
A",FR-78440 GARGENVILLE
2024-11-13,PARTRP000130050,"3925,00","374,50",SupplierPreInvoiceSPI00521897.pdf,"FR-77170 BRIE COMTE
A",FR-02400 CHÂTEAU
2024-11-14,PARTRP000130340,"620,23","235,40",SupplierPreInvoiceSPI00521897.pdf,"FR-95500 BONNEUIL EN
A",FR-78200 BUCHELAY
2024-11-14,PARTRP000130341,"290,82","235,40",SupplierPreInvoiceSPI00521897.pdf,"FR-95500 BONNEUIL EN
A",FR-92340 BOURG LA
2024-11-14,PARTRP000130043,"3800,00","300,00",SupplierPreInvoiceSPI00521897.pdf,"FR-94200 IVRY SUR SEINE
A",FR-60300 SENLIS
2024-09-26,LILTRP000132604,"8925,50","-270,00",SupplierPreInvoiceSPI00525118.pdf,"FR-60126 LONGUEIL STE
A",FR-77176 SAVIGNY LE
2024-11-25,LILTRP000136182,"4198,38","270,00",SupplierPreInvoiceSPI00525118.pdf,"FR-60126 LONGUEIL STE
A",FR-95820 BRUYÈRES SUR
2024-11-29,LILTRP000136611,"736,42","250,00",SupplierPreInvoiceSPI00525118.pdf,"FR-60126 LONGUEIL STE
A",FR-60490 RESSONS-SUR-
2024-11-29,LILTRP000136652,"8125,09","300,00",SupplierPreInvoiceSPI00525118.pdf,"FR-60126 LONGUEIL STE
A",FR-95820 BRUYERES-
2024-11-26,PARCTG000214064,"16319,09","190,00",SupplierPreInvoiceSPI00525119.pdf,"FR-77185 LOGNES
A",FR-77185 LOGNES
2024-11-15,PARTRP000130634,"753,23","278,20",SupplierPreInvoiceSPI00525119.pdf,"FR-95500 BONNEUIL EN
A",FR-78220 VIROFLAY
2024-11-15,PARTRP000130637,"621,10","342,40",SupplierPreInvoiceSPI00525119.pdf,"FR-95500 BONNEUIL EN
A",FR-92120 MONTROUGE
2024-11-18,PARTRP000130620,"5738,40","170,00",SupplierPreInvoiceSPI00525119.pdf,"FR-77220 GRETZ-
A",FR-77720 MORMANT
2024-11-18,PARTRP000130160,"834,99","200,00",SupplierPreInvoiceSPI00525119.pdf,"FR-95310 ST OUEN
A",FR-80470 ST SAUVEUR
2024-11-18,PARTRP000130734,"283,32","181,90",SupplierPreInvoiceSPI00525119.pdf,"FR-95500 BONNEUIL EN
A",FR-77450 REAU
2024-11-18,PARTRP000130758,"483,30","171,20",SupplierPreInvoiceSPI00525119.pdf,"FR-95500 BONNEUIL EN
A",FR-95530 LA FRETTE SUR
2024-11-19,PARTRP000131021,"1549,82","363,80",SupplierPreInvoiceSPI00525119.pdf,"FR-95500 BONNEUIL EN
A",FR-77140 NEMOURS
2024-11-19,PARTRP000131025,"318,63","235,40",SupplierPreInvoiceSPI00525119.pdf,"FR-95500 BONNEUIL EN
A",FR-78440 GARGENVILLE
2024-11-20,PARTRP000130892,"1750,00","150,00",SupplierPreInvoiceSPI00525119.pdf,"FR-77550 MOISSY
A",FR-95650 PUISEUX
2024-11-20,PARTRP000131276,"843,94","246,10",SupplierPreInvoiceSPI00525119.pdf,"FR-95500 BONNEUIL EN
A",FR-94140 ALFORTVILLE
2024-11-20,PARTRP000131277,"199,64","203,30",SupplierPreInvoiceSPI00525119.pdf,"FR-95500 BONNEUIL EN
A",FR-78390 BOIS D ARCY
2024-11-21,PARTRP000131447,"343,35","203,30",SupplierPreInvoiceSPI00525119.pdf,"FR-95500 BONNEUIL EN
A",FR-94600 CHOISY LE ROI
2024-11-21,PARTRP000131458,"341,20","235,40",SupplierPreInvoiceSPI00525119.pdf,"FR-95500 BONNEUIL EN
A",FR-78980 LONGNES
2024-11-22,PARTRP000130598,"3861,11","350,00",SupplierPreInvoiceSPI00525119.pdf,"FR-95310 ST OUEN
A",FR-60300 SENLIS
2024-11-22,PARTRP000131656,"593,38","246,10",SupplierPreInvoiceSPI00525119.pdf,"FR-95500 BONNEUIL EN
A",FR-95800 CERGY
2024-11-25,PARTRP000131498,"5417,00","190,00",SupplierPreInvoiceSPI00525119.pdf,"FR-91120 PALAISEAU
A",FR-95670 MARLY
2024-11-25,PARTRP000131838,"393,45","224,70",SupplierPreInvoiceSPI00525119.pdf,"FR-95500 BONNEUIL EN
A",FR-91370 VERRIERES LE
2024-11-25,PARTRP000131840,"231,25","224,70",SupplierPreInvoiceSPI00525119.pdf,"FR-95500 BONNEUIL EN
A",FR-78125 MITTAINVILLE
2024-11-26,PARTRP000132025,"443,25","224,70",SupplierPreInvoiceSPI00525119.pdf,"FR-95500 BONNEUIL EN
A",FR-77230 MONTGE EN
2024-11-26,PARTRP000132028,"385,71","246,10",SupplierPreInvoiceSPI00525119.pdf,"FR-95500 BONNEUIL EN
A",FR-78440 GARGENVILLE
2024-11-27,PARTRP000131890,"22263,39","190,00",SupplierPreInvoiceSPI00525119.pdf,"FR-77220 GRETZ-
A",FR-77127 LIEUSAINT
2024-11-27,PARTRP000131911,"1715,00","230,00",SupplierPreInvoiceSPI00525119.pdf,"FR-95310 ST OUEN
A",FR-60300 SENLIS
2024-11-27,PARTRP000132022,"6475,30","200,00",SupplierPreInvoiceSPI00525119.pdf,"FR-77185 LOGNES
A",FR-77310 ST FARGEAU
2024-11-27,PARTRP000132322,"368,26","256,80",SupplierPreInvoiceSPI00525119.pdf,"FR-95500 BONNEUIL EN
A",FR-77720 AUBEPIERRE
2024-11-27,PARTRP000132323,"487,64","224,70",SupplierPreInvoiceSPI00525119.pdf,"FR-95500 BONNEUIL EN
A",FR-78200 BUCHELAY
2024-11-27,PARTRP000132093,"6210,88","374,50",SupplierPreInvoiceSPI00525119.pdf,"FR-77170 BRIE COMTE
A",FR-02800 LA FÈRE
2024-11-28,PARTRP000132056,"1260,00","200,00",SupplierPreInvoiceSPI00525119.pdf,"FR-77134 LES ORMES
A",FR-77210 AVON
2024-11-28,PARTRP000131493,"2929,04","380,00",SupplierPreInvoiceSPI00525119.pdf,"FR-95310 SAINT OUEN
A",FR-60300 SENLIS
2024-11-28,PARTRP000131898,"660,01","200,00",SupplierPreInvoiceSPI00525119.pdf,"FR-95470 SURVILLIERS
A",FR-77550 REAU
2024-11-28,PARTRP000132482,"417,02","224,70",SupplierPreInvoiceSPI00525119.pdf,"FR-95500 BONNEUIL EN
A",FR-92220 BAGNEUX
2024-11-28,PARTRP000132485,"435,46","224,70",SupplierPreInvoiceSPI00525119.pdf,"FR-95500 BONNEUIL EN
A",FR-91450 SOISY SUR
2024-11-29,PARTRP000132073,"1297,00","360,00",SupplierPreInvoiceSPI00525119.pdf,"FR-77610 CHATRES
A",FR-95670 MARLY
2024-11-29,PARTRP000129439,"4332,96","810,00",SupplierPreInvoiceSPI00525119.pdf,"FR-77550 MOISSY
A",FR-60300 SENLIS
2024-11-13,RNSTRP000040395,"19190,00","350,00",SupplierPreInvoiceSPI00525120.pdf,"FR-35230 BOURGBARRÉ
A",FR-77550 MOISSY
2024-11-14,RNSTRP000040476,"14555,00","350,00",SupplierPreInvoiceSPI00525120.pdf,"FR-29380 ST THURIEN
A",FR-77240 VERT ST DENIS
2024-12-02,LILTRP000136649,"5872,45","320,00",SupplierPreInvoiceSPI00528333.pdf,"FR-60126 LONGUEIL STE
A",FR-91380 CHILLY
2024-12-02,LILTRP000136643,"6630,22","660,00",SupplierPreInvoiceSPI00528333.pdf,"FR-60126 LONGUEIL STE
A",FR-60300 SENLIS
2024-12-10,LILTRP000137229,"7000,00","320,00",SupplierPreInvoiceSPI00528333.pdf,"FR-60126 LONGUEIL STE
A",FR-95820 BRUYÈRES SUR
2024-12-11,PARCTG000215659,"225,00","150,00",SupplierPreInvoiceSPI00528334.pdf,"FR-77185 LOGNES
A",FR-77185 LOGNES
2024-11-29,PARTRP000131662,"2054,00","200,00",SupplierPreInvoiceSPI00528334.pdf,"FR-77550 MOISSY
A",FR-60300 SENLIS
2024-11-29,PARTRP000132674,"830,97","235,40",SupplierPreInvoiceSPI00528334.pdf,"FR-95500 BONNEUIL EN
A",FR-95460 ÉZANVILLE
2024-11-29,PARTRP000132675,"805,01","235,40",SupplierPreInvoiceSPI00528334.pdf,"FR-95500 BONNEUIL EN
A",FR-78980 LONGNES
2024-11-29,PARTRP000132684,"806,40","235,40",SupplierPreInvoiceSPI00528334.pdf,"FR-95500 BONNEUIL EN
A",FR-78190 TRAPPES
2024-12-02,PARTRP000131880,"3942,79","400,00",SupplierPreInvoiceSPI00528334.pdf,"FR-95310 ST OUEN
A",FR-60300 SENLIS
2024-12-02,PARTRP000132820,"559,30","235,40",SupplierPreInvoiceSPI00528334.pdf,"FR-95500 BONNEUIL EN
A",FR-78200 BUCHELAY
2024-12-02,PARTRP000132821,"536,56","235,40",SupplierPreInvoiceSPI00528334.pdf,"FR-95500 BONNEUIL EN
A",FR-78125 MITTAINVILLE
2024-12-03,PARTRP000132978,"762,45","224,70",SupplierPreInvoiceSPI00528334.pdf,"FR-95500 BONNEUIL EN
A",FR-92270 BOIS
2024-12-03,PARTRP000132979,"507,39","214,00",SupplierPreInvoiceSPI00528334.pdf,"FR-95500 BONNEUIL EN
A",FR-77400 LAGNY SUR
2024-12-04,PARTRP000132969,"1800,00","230,00",SupplierPreInvoiceSPI00528334.pdf,"FR-95310 ST OUEN
A",FR-60300 SENLIS
2024-12-04,PARTRP000132320,"2662,00","300,00",SupplierPreInvoiceSPI00528334.pdf,"FR-95310 ST OUEN
A",FR-60300 SENLIS
2024-12-04,PARTRP000133203,"901,84","246,10",SupplierPreInvoiceSPI00528334.pdf,"FR-95500 BONNEUIL EN
A",FR-78790 SEPTEUIL
2024-12-09,PARTRP000133765,"128,04","203,30",SupplierPreInvoiceSPI00528334.pdf,"FR-95500 BONNEUIL EN
A",FR-78570 CHANTELOUP
2024-12-10,PARTRP000133915,"406,55","224,70",SupplierPreInvoiceSPI00528334.pdf,"FR-95500 BONNEUIL EN
A",FR-78440 GARGENVILLE
2024-12-10,PARTRP000133917,"740,16","235,40",SupplierPreInvoiceSPI00528334.pdf,"FR-95500 BONNEUIL EN
A",FR-78350 JOUY EN JOSAS
2024-12-10,PARTRP000133921,"342,09","214,00",SupplierPreInvoiceSPI00528334.pdf,"FR-95500 BONNEUIL EN
A",FR-77930 ST SAUVEUR
2024-12-10,PARTRP000133923,"702,02","235,40",SupplierPreInvoiceSPI00528334.pdf,"FR-95500 BONNEUIL EN
A",FR-77120 COULOMMIERS
2024-12-11,PARTRP000133861,"30,00","150,00",SupplierPreInvoiceSPI00528334.pdf,"FR-77185 LOGNES
A",FR-75009 PARIS
2024-12-11,PARTRP000133350,"3179,00","380,00",SupplierPreInvoiceSPI00528334.pdf,"FR-77550 MOISSY
A",FR-60300 SENLIS
2024-12-11,PARTRP000134193,"543,69","235,40",SupplierPreInvoiceSPI00528334.pdf,"FR-95500 BONNEUIL EN
A",FR-78190 TRAPPES
2024-12-11,PARTRP000134196,"583,11","246,10",SupplierPreInvoiceSPI00528334.pdf,"FR-95500 BONNEUIL EN
A",FR-91940 GOMETZ LE
2024-12-11,PARTRP000133945,"5116,00","374,50",SupplierPreInvoiceSPI00528334.pdf,"FR-77170 BRIE COMTE
A",FR-02200 SOISSONS
2024-12-12,PARTRP000133903,"11600,01","200,00",SupplierPreInvoiceSPI00528334.pdf,"FR-60800 CREPY EN
A",FR-93380 PIERREFITTE
2024-12-12,PARTRP000134314,"457,24","203,30",SupplierPreInvoiceSPI00528334.pdf,"FR-95500 BONNEUIL EN
A",FR-78200 BUCHELAY
2024-12-12,PARTRP000134315,"383,25","192,60",SupplierPreInvoiceSPI00528334.pdf,"FR-95500 BONNEUIL EN
A",FR-78370 PLAISIR
